Nombre,Apellido,Identificacion,Correo,Password,foto
Ruth,Osman,12,Ruth_Osman7778@twace.org,12,1614193533773.jpg
Julian,Owen,879804860,Julian_Owen5074@zorer.org,N5wt3a9lv5zfMcGfbpff,1614193533773.jpg
Taylor,Fox,116030066,Taylor_Fox5686@infotech44.tech,bw3r042PBCPLeJlyJpK4,1614193533773.jpg
Francesca,Wills,403954071,Francesca_Wills3187@twipet.com,1JSN4hqa4MJh5NDBVfXi,1614193533773.jpg
Carolyn,Tanner,210471744,Carolyn_Tanner6870@womeona.net,13Ao6itHHguzoWb3SGhX,1614193533773.jpg
Cherish,Mcleod,848948735,Cherish_Mcleod2636@bauros.biz,Btn8HDx71TpVVpZscJXL,1614193533773.jpg
Doug,Flett,270965384,Doug_Flett8807@deons.tech,ExS6HldKg94cFYwEZWFC,1614193533773.jpg
Russel,Mason,135279736,Russel_Mason552@gmail.com,rBCj4KGjsiJTM3qmMK2u,1614193533773.jpg
Summer,May,490501624,Summer_May375@kideod.biz,KYDMVDnhTKhe71BVNhhd,1614193533773.jpg
Benny,Hudson,588005956,Benny_Hudson4137@vetan.org,toAIByafm0RFQAslIdwt,1614193533773.jpg
Taylor,Saunders,56852472,Taylor_Saunders7466@irrepsy.com,vqHZWVowxifIS20UE7Yi,1614193533773.jpg
Kieth,Dixon,574212518,Kieth_Dixon7711@mafthy.com,qTDBrIqwTkTj20jwuinw,1614193533773.jpg
Alessandra,Vallins,837749341,Alessandra_Vallins5744@deavo.com,PFvbTtjoUm7aeNlZTNb9,1614193533773.jpg
Brad,Pickard,521195280,Brad_Pickard3237@qater.org,dzeq9bf0BBcpvJh8DPHc,1614193533773.jpg
Noah,Pearce,785985865,Noah_Pearce7637@typill.biz,TQE2TSZZNkTXECYjRr5K,1614193533773.jpg
Ron,Yang,465967721,Ron_Yang7177@irrepsy.com,Yp1C2xZFVfO2mqunxlJz,1614193533773.jpg
Jamie,Wills,175068775,Jamie_Wills9886@zorer.org,PexvPKqLYLUDXdD3NrD9,1614193533773.jpg
Marie,Williams,849662406,Marie_Williams1179@deavo.com,7ErGmRNo7zLq5SGP77oh,1614193533773.jpg
Joyce,Tait,335706851,Joyce_Tait9360@brety.org,1j79BP4fJhR9EWyoHXK3,1614193533773.jpg
Luna,Palmer,108104994,Luna_Palmer1271@nickia.com,nLBjZxvWlUV8boBTE11V,1614193533773.jpg
Maddison,Fox,832316507,Maddison_Fox876@irrepsy.com,TC5iaduJgNNUKmxhmMd7,1614193533773.jpg
Ally,Steer,295024839,Ally_Steer1085@nanoff.biz,BeSskb6nXE9zIz3P6nbQ,1614193533773.jpg
Vanessa,Slater,788833984,Vanessa_Slater6003@iatim.tech,a6aUKTVJA0gSOcHxrfG7,1614193533773.jpg
Carla,Garner,366247819,Carla_Garner6947@nickia.com,vYULy1UDz9eIXmevYEnf,1614193533773.jpg
Leroy,Rossi,148011436,Leroy_Rossi4148@supunk.biz,IgLACFpOV9W9OMMfxMwa,1614193533773.jpg
Angelique,Silva,620361029,Angelique_Silva413@mafthy.com,4KSyL3F8O71MS8EFWj7c,1614193533773.jpg
Catherine,Hopkinson,312128503,Catherine_Hopkinson8559@corti.com,O7Nuq5ekdFYjtPOQs97r,1614193533773.jpg
Emmanuelle,Wise,938483768,Emmanuelle_Wise5615@sveldo.biz,zwdd7r3KRW7pcIRVKQLk,1614193533773.jpg
Daron,Wilkinson,503388553,Daron_Wilkinson3074@nimogy.biz,08mg2AGRvVkuZtqgy8KQ,1614193533773.jpg
Benny,Grey,135857011,Benny_Grey8179@qater.org,yvALXWeVcehhn1wQEerB,1614193533773.jpg
Harry,Coll,78934245,Harry_Coll675@irrepsy.com,vM3w8iJyLskmwfWO55H5,1614193533773.jpg
Anthony,Tate,361002136,Anthony_Tate4690@yahoo.com,l8kkp93hnZ4YW2xxwhT6,1614193533773.jpg
Erick,Ingham,925551142,Erick_Ingham3663@gompie.com,CLkFCFscTsn2wN4xdpNG,1614193533773.jpg
Elena,Notman,570007523,Elena_Notman3632@bungar.biz,oBSUjf1prDnkKRg4dBtH,1614193533773.jpg
Rosalie,Brooks,933066788,Rosalie_Brooks8063@jiman.org,W7si4C3niL7zEZVlxWgT,1614193533773.jpg
Alexander,Waterson,817471362,Alexander_Waterson4539@qater.org,8GJYskK7OOGj9eegD4GE,1614193533773.jpg
Benjamin,Hunt,57994648,Benjamin_Hunt209@dionrab.com,g5Ci1i9zHoUrbZCWQGXn,1614193533773.jpg
Mayleen,Malone,382047497,Mayleen_Malone7860@hourpy.biz,TZMft8nNp7aekUByYpvB,1614193533773.jpg
Elisabeth,Hunt,253098296,Elisabeth_Hunt9078@acrit.org,R9gu60SO77vu1tNEi7lX,1614193533773.jpg
Macy,Rodgers,683534655,Macy_Rodgers163@womeona.net,pahyDVkKqhMMa2iG70tY,1614193533773.jpg
Rae,Paterson,847006701,Rae_Paterson2024@iatim.tech,ZTpNKmdH8HTpJRsEvrla,1614193533773.jpg
Charlotte,Wright,991793599,Charlotte_Wright5432@irrepsy.com,d4MkTSnNzWxXJv6TNqpq,1614193533773.jpg
Martin,Bell,813448563,Martin_Bell7867@nimogy.biz,aIYeovQt9Tyscr901Yxm,1614193533773.jpg
Nicholas,Vane,532738781,Nicholas_Vane5920@nanoff.biz,IgHHnQRHE1Iiky8Ga14d,1614193533773.jpg
Abdul,Lloyd,959272615,Abdul_Lloyd4290@eirey.tech,YXy466D2VjlZslgXcKqY,1614193533773.jpg
Mackenzie,Skinner,452661598,Mackenzie_Skinner1808@twipet.com,rhCdNgxFgOQDyHTJGWso,1614193533773.jpg
Mayleen,May,945657767,Mayleen_May4356@jiman.org,691kEaYfOnH2GmN9tFC7,1614193533773.jpg
Brad,Dubois,758605400,Brad_Dubois8373@supunk.biz,exYJIRtBpYqkqUzpMGup,1614193533773.jpg
Bethany,Cowan,141958974,Bethany_Cowan1746@corti.com,3DMyLLELKl7nVHRkLQ8o,1614193533773.jpg
Erin,Sanchez,859772508,Erin_Sanchez1126@qater.org,ccOFlxn4i2MCXhFinUrU,1614193533773.jpg
Clarissa,Hamilton,503543499,Clarissa_Hamilton1640@guentu.biz,v3hEOiiSD97R8qSmZt4s,1614193533773.jpg
Margot,Eagle,226302436,Margot_Eagle1659@twipet.com,HRFGutox5cOqIJ0pqU46,1614193533773.jpg
Summer,Murray,46318472,Summer_Murray5673@deavo.com,NM1h0WuKPMremYavOChB,1614193533773.jpg
Mason,Vaughn,181203975,Mason_Vaughn4199@liret.org,sKOWOgvm1MYzUDNhJqHm,1614193533773.jpg
Eileen,Smith,266795093,Eileen_Smith2715@extex.org,OWCAqwer8RSnc6Zt18FP,1614193533773.jpg
Noah,Vernon,954348724,Noah_Vernon8008@deavo.com,3TZpsuDEX2svCGvToFM8,1614193533773.jpg
Chuck,Bowen,511255309,Chuck_Bowen6552@womeona.net,uKWwXr7zlr2mAyO5j4BL,1614193533773.jpg
Greta,Baker,381795568,Greta_Baker2777@gmail.com,hpp7A9RtfahsbPxxj8fA,1614193533773.jpg
Sharon,Middleton,737888355,Sharon_Middleton825@corti.com,1hD0XhrxF5iu4f9UV62g,1614193533773.jpg
Rocco,Wooldridge,223231912,Rocco_Wooldridge7591@nanoff.biz,vkknvY0zle8foFeClzFM,1614193533773.jpg
Aurelia,Nobbs,847304433,Aurelia_Nobbs5791@hourpy.biz,N2brtE49EfdF57IqauD6,1614193533773.jpg
Charlotte,Rixon,453977064,Charlotte_Rixon3979@gembat.biz,94rBubPmxDfn6cvHL9Tg,1614193533773.jpg
Deborah,Ellis,388591117,Deborah_Ellis5876@liret.org,0kW6Nhok7953nxC6HTaf,1614193533773.jpg
Tony,Vollans,988399355,Tony_Vollans6236@eirey.tech,bMDUQMybGY0fBEussWU8,1614193533773.jpg
Josh,Kelly,894387127,Josh_Kelly5198@qater.org,1gy1DeNKy0CPrQdiQJxZ,1614193533773.jpg
George,Crawford,385372726,George_Crawford8284@bretoux.com,WxicStUaG1NcNcVTVbCu,1614193533773.jpg
Andie,Stubbs,200232396,Andie_Stubbs1954@vetan.org,O2Q3VWiY33NWbeOU0WQq,1614193533773.jpg
Eve,Styles,238845700,Eve_Styles1052@zorer.org,xcH6Ee4Fwn67MnFbTCwd,1614193533773.jpg
Ally,Bryson,132342310,Ally_Bryson4351@famism.biz,RxjlmXgn14ZpDeQtS9fB,1614193533773.jpg
Rocco,Gallacher,273816467,Rocco_Gallacher4548@naiker.biz,fVzfjyblzZCgJI0cASIz,1614193533773.jpg
Joseph,Terry,227302456,Joseph_Terry447@tonsy.org,sQubzaZgoVHAZFluOlcX,1614193533773.jpg
Savannah,Wooldridge,216060156,Savannah_Wooldridge8766@ovock.tech,eCjPREpN2qaHU98lUhi2,1614193533773.jpg
Aiden,Lambert,342485527,Aiden_Lambert8296@deavo.com,quqGaRnq0Svy5YiAMPaj,1614193533773.jpg
Carter,Mcnally,704940870,Carter_Mcnally9650@corti.com,oZpapLnmUsoTtpXvj8I5,1614193533773.jpg
Benjamin,Gilmore,560683756,Benjamin_Gilmore6463@ubusive.com,gPmsDPVSGfjRMMSBDGwV,1614193533773.jpg
Naomi,Crawford,922088661,Naomi_Crawford6357@twipet.com,5wSbJ64EMUbEvsq5DrFw,1614193533773.jpg
Jenna,Denton,317951394,Jenna_Denton5281@guentu.biz,EYb3gi4o5pALkjmMb94Q,1614193533773.jpg
Sofie,King,20399258,Sofie_King7423@dionrab.com,u2fqKrzNRoycMAt5RaJc,1614193533773.jpg
Tom,Brooks,192039778,Tom_Brooks1515@acrit.org,FH8hflfuOLuINzixoUhz,1614193533773.jpg
Ronald,Knott,818411605,Ronald_Knott7043@nimogy.biz,roHhzLBUI7vF8zbEuJzy,1614193533773.jpg
Michael,Morrison,103872833,Michael_Morrison9127@bretoux.com,RFzENmBTmT8yc9SJqBmf,1614193533773.jpg
Sydney,Crawford,607904670,Sydney_Crawford766@hourpy.biz,pKYnz1erePcCYExh4N9X,1614193533773.jpg
Summer,London,285728029,Summer_London611@gmail.com,MOtOn8k5VdDh8gHSIGkd,1614193533773.jpg
Owen,Graham,818244130,Owen_Graham3970@fuliss.net,bEwObOLJyX2pCkGig4zn,1614193533773.jpg
Barney,Kennedy,71782767,Barney_Kennedy4294@infotech44.tech,66UmSpAZugNOuZnVUtxc,1614193533773.jpg
Macy,Poulton,419746420,Macy_Poulton3029@gompie.com,gHBgoNybJxub3A8vv4Ut,1614193533773.jpg
Caleb,Patel,899350717,Caleb_Patel8594@acrit.org,EvPlrW31KJkSkfFAnHpS,1614193533773.jpg
Tony,Wilson,271542645,Tony_Wilson5542@gompie.com,zVGsuNUx8oVBiCs6e8DH,1614193533773.jpg
Barry,Styles,218606842,Barry_Styles4836@extex.org,1AQWaxfiSMdor49mw3Ov,1614193533773.jpg
Noah,Matthews,863090442,Noah_Matthews2314@muall.tech,BnP4NGFi3Evs5V17PZIw,1614193533773.jpg
Domenic,Allington,135736998,Domenic_Allington4741@elnee.tech,vnqVgFRIHMCs3VtniHbx,1614193533773.jpg
Chester,Richardson,208929403,Chester_Richardson9419@tonsy.org,BGRcXLlJpPdhmqXlUeZV,1614193533773.jpg
Mandy,Carter,390178118,Mandy_Carter1423@tonsy.org,mR7jzDawGiASrLvR93UL,1614193533773.jpg
Enoch,Crawford,955574732,Enoch_Crawford3323@muall.tech,RvgkEt3oKlIFl4l0F9OK,1614193533773.jpg
Boris,Victor,218259058,Boris_Victor8637@eirey.tech,ockDUUntNamRo5FigTsy,1614193533773.jpg
Wade,Campbell,929575394,Wade_Campbell7974@nickia.com,L7933WcarXfa2iKaUpQo,1614193533773.jpg
Mason,Blythe,399994932,Mason_Blythe8523@iatim.tech,nvGXo8AGEXKAenCg0kCQ,1614193533773.jpg
Mary,Wilcox,172008359,Mary_Wilcox2784@jiman.org,gI348gqqq1ZxNNAA66GY,1614193533773.jpg
Hanna,Wallace,386788831,Hanna_Wallace2051@ubusive.com,FiiTXk9XqafwwcAyYgso,1614193533773.jpg
Miriam,John,688093532,Miriam_John4494@bauros.biz,NLpksSOhRpMkNi5cE22n,1614193533773.jpg
Ramon,Hewitt,262099766,Ramon_Hewitt4902@hourpy.biz,b9Hc1Rl5cDApXSAOHaG2,1614193533773.jpg
Tony,Walter,288046211,Tony_Walter9902@hourpy.biz,XTyWgqyAD1hov4MTT0cC,1614193533773.jpg
Bob,Dixon,577538337,Bob_Dixon3548@sheye.org,BsL9UGhGVdaNmxJ0YPAv,1614193533773.jpg
Makenzie,Doherty,866333390,Makenzie_Doherty844@sheye.org,qviKmRW9l7o0Vr18zU4i,1614193533773.jpg
Carol,Ainsworth,495385824,Carol_Ainsworth1446@infotech44.tech,9THZ2sNkcr1U8v2AeECo,1614193533773.jpg
Luke,Cann,474850237,Luke_Cann1291@gembat.biz,2zuAHP6IFtjvI9RjCoRq,1614193533773.jpg
Johnathan,Owen,242910228,Johnathan_Owen9111@supunk.biz,FN4vjeGfci9ihFzLzfFs,1614193533773.jpg
Mason,Andrews,336576501,Mason_Andrews3722@zorer.org,cqnX8VESenGgHsiaokYr,1614193533773.jpg
Julian,Richardson,630191729,Julian_Richardson9103@kideod.biz,DOucK792kokQ6ArtmAcg,1614193533773.jpg
Mark,Rigg,873913596,Mark_Rigg6154@yahoo.com,Woqis4vIOQ2p8fbva20H,1614193533773.jpg
Clint,Robinson,662239594,Clint_Robinson1941@acrit.org,iLEG7K20mjbz0p60OCWX,1614193533773.jpg
Madison,Barrett,159878481,Madison_Barrett6540@grannar.com,T5tnHIK2DMLxmAKyF4cZ,1614193533773.jpg
Michael,Roberts,167501499,Michael_Roberts6718@bulaffy.com,0zB4aB6EjaEpuSVvbj8N,1614193533773.jpg
Penelope,Mccormick,547424391,Penelope_Mccormick113@liret.org,ATGb7fj04dyE9g0tUd3M,1614193533773.jpg
George,Grant,384150440,George_Grant2589@mafthy.com,IPkTQKTRvKJI7i1bTtLX,1614193533773.jpg
Ryan,Thorpe,244726147,Ryan_Thorpe9381@deons.tech,LwmwpSk2rq8y15Oi5VXK,1614193533773.jpg
Elly,Evans,911822727,Elly_Evans2250@famism.biz,qOCvMsnbeKGyWp7XXsin,1614193533773.jpg
Harry,Rainford,944077018,Harry_Rainford4198@qater.org,PMP4qOTczEWQ5gzFFGVV,1614193533773.jpg
Jacqueline,Brennan,727662511,Jacqueline_Brennan5876@atink.com,vtO1jknE1UkBJXDs6gUh,1614193533773.jpg
Abdul,Moreno,659537299,Abdul_Moreno2376@ovock.tech,Z4q2YOd6YRCLvm1ANjnn,1614193533773.jpg
Chad,Wheeler,647974422,Chad_Wheeler3333@qater.org,l4cojJgt8fFv3gQ8hChg,1614193533773.jpg
Camden,Lowe,342473814,Camden_Lowe4551@joiniaa.com,s8tPEwEsEUg38OeZtIMK,1614193533773.jpg
Wade,Gordon,350022892,Wade_Gordon5321@womeona.net,cHC43lveobuhPIWeJYsh,1614193533773.jpg
Nicole,Brown,607912609,Nicole_Brown67@bulaffy.com,9tfRegfluAimddsgta39,1614193533773.jpg
Erick,Mullins,256942069,Erick_Mullins2726@kideod.biz,TFdLFaLNocA0qvFLgPAD,1614193533773.jpg
Tyson,Kent,744462330,Tyson_Kent3806@guentu.biz,Bkh0bxFpakSUeIh3jtxL,1614193533773.jpg
Mara,Norris,382456820,Mara_Norris7521@brety.org,t0j9NSHuyZgU9fXrtKFs,1614193533773.jpg
Tess,Rowe,521145798,Tess_Rowe7253@bretoux.com,If43I39AiY6mmc4B9DQ4,1614193533773.jpg
Robyn,Dunbar,44852882,Robyn_Dunbar1603@kideod.biz,0k5Y0u2vVz6u8FeGP2tp,1614193533773.jpg
Deborah,Franks,952080180,Deborah_Franks1941@vetan.org,j63wbiWqgt7B68CxM8MP,1614193533773.jpg
Leroy,Clifford,122029665,Leroy_Clifford9679@bretoux.com,Cx8iqq1xln4JBb8UuwyI,1614193533773.jpg
Denis,Mason,90642530,Denis_Mason7305@eirey.tech,2yjmt1DvXNWJKNCLm3za,1614193533773.jpg
Johnny,Miller,810980579,Johnny_Miller1226@vetan.org,bH5Xez6rrf3kcHKh1veH,1614193533773.jpg
John,Dickson,457307552,John_Dickson4966@naiker.biz,mKZDBaXJFiC5WZVK6d2r,1614193533773.jpg
Zara,Powell,363810348,Zara_Powell1265@yahoo.com,TbL1DzyHqnvODZAWLD59,1614193533773.jpg
Denis,Roman,236153425,Denis_Roman7235@corti.com,WRWxHSzJVE0Q5oWd17Ij,1614193533773.jpg
Adina,Allington,991584804,Adina_Allington830@bungar.biz,tke0L6TgZtUqGc0tMWsM,1614193533773.jpg
Sofia,Pratt,398431761,Sofia_Pratt1626@bretoux.com,3JPiEl7sAAe3IYNAPFq2,1614193533773.jpg
Renee,Robe,573182482,Renee_Robe8202@fuliss.net,2xHY6ZcdO2eCJ0TUJptD,1614193533773.jpg
Mayleen,Raven,610872983,Mayleen_Raven1203@vetan.org,AixzvK0jJoCwn8bKwgRV,1614193533773.jpg
George,Ranks,79676251,George_Ranks3362@brety.org,pi9uONCWJ3ZniW9cLteC,1614193533773.jpg
Greta,Sherwood,950084749,Greta_Sherwood9095@famism.biz,x29RPdmv6ExPHaWszC0K,1614193533773.jpg
Hailey,Partridge,561327630,Hailey_Partridge5596@eirey.tech,Zk363zGKebRwUzXAZas9,1614193533773.jpg
Lillian,Alexander,943482099,Lillian_Alexander1631@muall.tech,194aurwpIuWZ1ib907vP,1614193533773.jpg
Henry,Norman,921018960,Henry_Norman2302@bungar.biz,AAr1O0DBTKvtX9Gwx9Ly,1614193533773.jpg
Doris,Pratt,259775634,Doris_Pratt8732@guentu.biz,4OsaGHnt5Q1GUcw0qb9V,1614193533773.jpg
Felicity,Bloom,517349081,Felicity_Bloom2771@nanoff.biz,khgVNjA6sROnkI0EIMJ5,1614193533773.jpg
Violet,Shields,114833055,Violet_Shields7422@twace.org,H9bdynlQAgOCoZpt0alF,1614193533773.jpg
Harriet,Ainsworth,780454027,Harriet_Ainsworth9775@ovock.tech,zE3fBA9gtLCliA1Tsof1,1614193533773.jpg
Marvin,Redfern,847143108,Marvin_Redfern7305@vetan.org,xg7nykCZCvHB4XsrwCwZ,1614193533773.jpg
Percy,Thorne,332695914,Percy_Thorne7224@deons.tech,BjjkHOqrmH6lGlcqwn4s,1614193533773.jpg
Caleb,Cork,928227553,Caleb_Cork1827@muall.tech,3FTfdTWhWhWiXiJf2oZc,1614193533773.jpg
Tyler,Olson,197940159,Tyler_Olson465@nanoff.biz,htyn7H6X4BMcpzF0fHcS,1614193533773.jpg
Michelle,Flack,269906395,Michelle_Flack6531@acrit.org,0m0gUFmPsbuJNcxCni8l,1614193533773.jpg
Madison,Willis,173384357,Madison_Willis7459@extex.org,8RdOZKlhcsZtVo0GnqvU,1614193533773.jpg
Cara,Harrison,847874007,Cara_Harrison6314@gmail.com,AfpnnfyO9ZIF7ZOyknlD,1614193533773.jpg
Stacy,Kennedy,143938763,Stacy_Kennedy8648@infotech44.tech,abyL9r8EpTKJIRQsvgwo,1614193533773.jpg
Jack,White,352103381,Jack_White376@elnee.tech,zjr1AiazkLoSnhL9GcJi,1614193533773.jpg
Barney,Edler,958383968,Barney_Edler6502@zorer.org,isg7lAtMnrW1bx7tTuNI,1614193533773.jpg
Tony,Nicolas,616478224,Tony_Nicolas5844@nanoff.biz,n9ADfb4cV8dA6SQao4Xa,1614193533773.jpg
George,Duvall,380900932,George_Duvall2586@atink.com,QyPTSsRB4m1vypRF5nxW,1614193533773.jpg
Jayden,Allwood,548795867,Jayden_Allwood7930@hourpy.biz,t1wZSfj2gP9LQi989rfd,1614193533773.jpg
Elijah,Forth,501032182,Elijah_Forth5198@gembat.biz,wTq3TMqLjGMFKhdgvR3F,1614193533773.jpg
Chad,Wellington,948082030,Chad_Wellington5963@liret.org,o5tfGROSQdbL7iMVptSF,1614193533773.jpg
Melody,Mason,456425163,Melody_Mason3307@hourpy.biz,Qtn421DoqAVEmPURVRKQ,1614193533773.jpg
Leroy,Sanchez,167028145,Leroy_Sanchez8981@brety.org,2VO4ZfcCdqX9UREATdAI,1614193533773.jpg
Payton,Shaw,179698293,Payton_Shaw3611@kideod.biz,lZ1ElJ9hRHVEMAh1KDi7,1614193533773.jpg
Savannah,Marshall,380607290,Savannah_Marshall2327@iatim.tech,6hZWiqWL3OV53W0f1e07,1614193533773.jpg
Domenic,Hall,679405806,Domenic_Hall5601@twace.org,AhoFYAhQ2RkSMCghVtxa,1614193533773.jpg
Carmella,Steer,401214774,Carmella_Steer1116@twace.org,82eTdL1hrhdmYvqVbP8Q,1614193533773.jpg
Penny,Villiger,281575802,Penny_Villiger8227@gompie.com,Ss15vfImbblWDEXneNe3,1614193533773.jpg
Luke,Swift,559304953,Luke_Swift575@bulaffy.com,gR9jNGPjtflTE4q2hS20,1614193533773.jpg
Julia,Reid,388202645,Julia_Reid8964@bungar.biz,8mIbAP7sjBXAZdrgolqR,1614193533773.jpg
Rosalyn,Pitt,40656806,Rosalyn_Pitt1899@ovock.tech,VeDDWqyxOifFeevfZGPD,1614193533773.jpg
Mary,Mullins,327032619,Mary_Mullins407@kideod.biz,b3pzAxURJAbn4AasQtA4,1614193533773.jpg
Alexia,Martin,949155785,Alexia_Martin5087@bauros.biz,bRd0kTy40vjbHxyPrsUQ,1614193533773.jpg
Ronald,Boden,423555532,Ronald_Boden774@twipet.com,VqXBV57LE8CWVSnbDDvS,1614193533773.jpg
Carter,Benson,769413337,Carter_Benson5486@sveldo.biz,KrdWOfVoeQw3CDpaqmdO,1614193533773.jpg
Angelica,Weatcroft,916457167,Angelica_Weatcroft3263@tonsy.org,2OOAHqTqNPQ0vzdmPiCC,1614193533773.jpg
Bridget,Dann,162945181,Bridget_Dann6827@nimogy.biz,33PUNikn2OYmDqbtNEUa,1614193533773.jpg
Josh,Underhill,366834910,Josh_Underhill1574@deavo.com,SK66Xbitqf4XoUEAA3Kf,1614193533773.jpg
Samara,Antcliff,538152449,Samara_Antcliff7164@womeona.net,b1aCYRjJWpDC6KWfvZO0,1614193533773.jpg
Matthew,Wood,304538302,Matthew_Wood6946@extex.org,5VBVzMD4B60akrXrNHUZ,1614193533773.jpg
Joyce,Roberts,188084661,Joyce_Roberts3150@nimogy.biz,QjX7jE941tESdKgn10BI,1614193533773.jpg
Sara,Gavin,284576486,Sara_Gavin9911@nimogy.biz,6eeEC44IqypjhJxhLF72,1614193533773.jpg
Jacob,Bolton,451612571,Jacob_Bolton1050@corti.com,m5PD8ehTpLuF7HWiLC8i,1614193533773.jpg
Ryan,Hunt,377706751,Ryan_Hunt8251@twace.org,1Zb10wQFZtkMTP7Cm2N0,1614193533773.jpg
Daria,Gilmore,15029522,Daria_Gilmore4077@fuliss.net,i4WoQyRQI4lTnGglDbb0,1614193533773.jpg
Gabriel,Latham,423638695,Gabriel_Latham3674@corti.com,udJ7JMEqlhyDuSpgz6Rv,1614193533773.jpg
Tess,Donnelly,779065543,Tess_Donnelly4675@nimogy.biz,rH55SBCSlVOEtNTC7Wec,1614193533773.jpg
Payton,Hobson,748497333,Payton_Hobson7037@bretoux.com,4SMzuA9Nc0ZuiYPqQLNA,1614193533773.jpg
Erick,Knight,566443782,Erick_Knight4602@liret.org,pPW5tDrrT8Xo6lFGlnXf,1614193533773.jpg
Liv,Saunders,461012470,Liv_Saunders3954@deons.tech,3UoNWRJ6B6eET0UpG4ho,1614193533773.jpg
Mason,Stanley,942959089,Mason_Stanley9986@irrepsy.com,Mqy8nMHQAvYnH23OqsN3,1614193533773.jpg
Carter,Button,341778246,Carter_Button8733@deavo.com,AC0izUiRpnYLJVsQAdG5,1614193533773.jpg
Rocco,Parsons,669907120,Rocco_Parsons9346@supunk.biz,F3nYmNY5cdFKw9gLlLmc,1614193533773.jpg
Julia,Ellison,240892452,Julia_Ellison8323@irrepsy.com,zZN4QosU96ol8z9FaYiJ,1614193533773.jpg
Charlize,Graves,246458814,Charlize_Graves7285@qater.org,xxfVBtXPGycdBCArK8La,1614193533773.jpg
Angel,Locke,753710276,Angel_Locke3479@naiker.biz,jhmWonudFSeR1MqH8uAP,1614193533773.jpg
Madison,Tait,81617120,Madison_Tait6284@nickia.com,tZH8AzOzjcd5nWDzkit8,1614193533773.jpg
Penny,Nayler,70316482,Penny_Nayler9980@nanoff.biz,4XL0Yg0EVeG379dYKD8z,1614193533773.jpg
Emely,Logan,314959903,Emely_Logan1229@irrepsy.com,vLX4Lr7imnmhcPqZL2t5,1614193533773.jpg
Martha,Paterson,770746122,Martha_Paterson9908@twace.org,Kb1kOUuLXosisYTQgm5D,1614193533773.jpg
Michelle,Lyon,85076208,Michelle_Lyon4980@jiman.org,2atVbezS2HyClofpSxG8,1614193533773.jpg
Holly,Mullins,886957591,Holly_Mullins9257@elnee.tech,zb0zyc3tyaDoENrBM0aA,1614193533773.jpg
Tyson,Herbert,604556778,Tyson_Herbert6176@tonsy.org,jV7d2FVHbdOiKDKZUOMm,1614193533773.jpg
Lexi,Russell,230478577,Lexi_Russell8388@nimogy.biz,djGdgoWwGBmd4PVURtnL,1614193533773.jpg
Diane,Morrow,46009154,Diane_Morrow7186@gmail.com,Vh5yRNbSZsbN32a4SEvJ,1614193533773.jpg
Chanelle,Ripley,953245280,Chanelle_Ripley2047@naiker.biz,RXhpXXyrHopNM7loD8le,1614193533773.jpg
Owen,Holmes,881415351,Owen_Holmes6792@jiman.org,e61FRxpn99cXFZPomo9H,1614193533773.jpg
Anabel,Allcott,115094488,Anabel_Allcott7628@liret.org,MgWrZWhSz5bE9dBNeuTD,1614193533773.jpg
Mason,Lindop,97059332,Mason_Lindop7256@bretoux.com,QYRpCH0Gl4E5bQIhJQ8G,1614193533773.jpg
Gil,Mitchell,14763581,Gil_Mitchell3083@corti.com,9qvab3Swn8gxwpXMYRWi,1614193533773.jpg
Cedrick,Alexander,734505201,Cedrick_Alexander7814@ubusive.com,LFhqo77nbvDof9vG6CoH,1614193533773.jpg
Sabrina,Patel,313622878,Sabrina_Patel5268@ubusive.com,dZbq1beVFGu97ZgJ3OKT,1614193533773.jpg
Kaylee,Anderson,989127835,Kaylee_Anderson7796@extex.org,FT6drglldJqPORu6Fb31,1614193533773.jpg
Jacqueline,Weatcroft,750509348,Jacqueline_Weatcroft8556@famism.biz,P7uRPHjsTNDp83Zi1Lmo,1614193533773.jpg
Erick,Hill,230504709,Erick_Hill9@bauros.biz,6udtd57e5CoBR0kbngRe,1614193533773.jpg
Rocco,Raven,353277051,Rocco_Raven9082@joiniaa.com,X1QXxus9CE4eTOqHtIzE,1614193533773.jpg
Alison,Kirby,122084528,Alison_Kirby7566@muall.tech,klPZJ9gm7hR2I1kUvJmJ,1614193533773.jpg
Wade,Morley,96576006,Wade_Morley9373@deons.tech,uMiLlnJgvpMOHwKWQJdE,1614193533773.jpg
Remy,Tanner,579489126,Remy_Tanner1528@qater.org,poneMLIX2jGxDGG8V8Bu,1614193533773.jpg
Jessica,Beal,83523386,Jessica_Beal7473@tonsy.org,rNtybGbS5XgYdw3ZqiuB,1614193533773.jpg
Luna,Moore,328029397,Luna_Moore5217@kideod.biz,gKFzcPGVLOyAifUJYZR9,1614193533773.jpg
Erin,Blackwall,236608879,Erin_Blackwall7841@twace.org,aEiFyKpYnL6ITQuKn1CU,1614193533773.jpg
Luke,Stanley,343593794,Luke_Stanley506@mafthy.com,dOUfQ7VzXhIPIv3BaNCO,1614193533773.jpg
Bryce,Parker,573159655,Bryce_Parker634@nanoff.biz,63GsOOdlHCXQlvJqmvbG,1614193533773.jpg
Marie,Calderwood,301470258,Marie_Calderwood6987@typill.biz,7VvO3ImMnjIc7xE6EyBa,1614193533773.jpg
Rhea,Judd,911094000,Rhea_Judd6321@guentu.biz,mnqusZfNHgcpeDw380l9,1614193533773.jpg
Nathan,Smith,995454058,Nathan_Smith2943@atink.com,to2QszME7ek7jpPPcqcj,1614193533773.jpg
Brad,Williams,842951924,Brad_Williams4249@twipet.com,CFZzu0541VFKsWYcICzb,1614193533773.jpg
Wade,Harris,306943710,Wade_Harris234@gmail.com,0Wv8ih8lH0HO2UHyXGxY,1614193533773.jpg
Cassandra,Roscoe,556247060,Cassandra_Roscoe3304@ubusive.com,ucg5GlFz1m2zJgC2nMoN,1614193533773.jpg
Cecilia,Walker,946163694,Cecilia_Walker2376@gompie.com,urCCxzuGBzBLkC8ngjqh,1614193533773.jpg
Javier,Howard,519510655,Javier_Howard5100@gembat.biz,ouPop3c5xIPeUnUksggj,1614193533773.jpg
John,Jackson,283329398,John_Jackson2851@eirey.tech,1FLHDtt6VYv5QcAXF8XZ,1614193533773.jpg
Kurt,Umney,891007306,Kurt_Umney9969@bauros.biz,GV5ju2R1uRc1BNqELRHS,1614193533773.jpg
Anthony,Hall,459926336,Anthony_Hall5573@naiker.biz,3XWgR4JzW02q60BJJdB7,1614193533773.jpg
Camellia,Farrant,553412532,Camellia_Farrant7462@nickia.com,4t4etWeuS2vqGRfZIywl,1614193533773.jpg
Ryan,Potter,686599896,Ryan_Potter4326@supunk.biz,iSRAtpTJtIGwLAOV7ODU,1614193533773.jpg
Ilona,Farrell,684681690,Ilona_Farrell7984@naiker.biz,r8sP9REYMEQZDoB4zkM6,1614193533773.jpg
Emmanuelle,Judd,883082667,Emmanuelle_Judd902@gembat.biz,IDgDOepz8Nj4fYcylzKw,1614193533773.jpg
Rylee,Bailey,599477656,Rylee_Bailey3195@gmail.com,pp5pUTy6tfibxRt8U6u1,1614193533773.jpg
Ethan,Knight,930319400,Ethan_Knight3937@infotech44.tech,6tTX5EzgJg3iiaUe89RW,1614193533773.jpg
Callie,Utterson,911513385,Callie_Utterson278@womeona.net,3A5SWviwvzG4hFbksZVY,1614193533773.jpg
Enoch,Cox,228376319,Enoch_Cox151@tonsy.org,TwoPD5wloC77czlHorRL,1614193533773.jpg
Makenzie,Ralph,899301613,Makenzie_Ralph5852@infotech44.tech,qOoIsN5fugIkQfXPmvpF,1614193533773.jpg
Rihanna,Tailor,371575124,Rihanna_Tailor8562@nimogy.biz,4k85F3tAasEGcyLdGRRA,1614193533773.jpg
Enoch,Weatcroft,681926459,Enoch_Weatcroft2262@bretoux.com,bqZPotNKrHBlEAxIISrw,1614193533773.jpg
Chester,Watson,252121305,Chester_Watson1334@muall.tech,xxq2lzn9u0T7c6FRdKG9,1614193533773.jpg
Marilyn,Morgan,435862952,Marilyn_Morgan767@dionrab.com,acyRhPgIBRUBZX7nNPyh,1614193533773.jpg
Josephine,Bennett,242418740,Josephine_Bennett110@extex.org,yx4xmutez3MHqVCIQkRi,1614193533773.jpg
Sasha,Tyrrell,592715220,Sasha_Tyrrell1783@sheye.org,osGqJWKzL70Gpheh2Tm1,1614193533773.jpg
Josh,Hobson,910142701,Josh_Hobson6070@naiker.biz,ePgYUkJsTZ8upbru1MFW,1614193533773.jpg
Penny,Khan,200398218,Penny_Khan593@gmail.com,8CiWbAM7e9UtQamJFUV8,1614193533773.jpg
Fred,Ring,958310072,Fred_Ring4486@muall.tech,p0ySGli5Nb4CQZmQMl4x,1614193533773.jpg
Bryon,Cartwright,553208819,Bryon_Cartwright241@nanoff.biz,lNjvzs8kaicw2gTU6QR5,1614193533773.jpg
Gabriel,Antcliff,887473088,Gabriel_Antcliff9179@ovock.tech,ty8vjD9Z7Rhdzmqkyq02,1614193533773.jpg
Phoebe,Summers,673984938,Phoebe_Summers6052@brety.org,N4DTEXoPzcO5cQsTRTKz,1614193533773.jpg
Carmella,Boyle,304689511,Carmella_Boyle5039@atink.com,jrH5znn119EnbBjhCvy5,1614193533773.jpg
Mark,Quinton,599325896,Mark_Quinton8353@jiman.org,V3a1ltlnKbZOaW3RpgFi,1614193533773.jpg
Caleb,Wright,623829808,Caleb_Wright8342@dionrab.com,UgKZU4kERHKPQYNzmyCh,1614193533773.jpg
Alice,Seymour,614404572,Alice_Seymour9640@qater.org,58UECnJ9WRZ1WJt2Yibe,1614193533773.jpg
Bob,Barclay,914513464,Bob_Barclay3305@vetan.org,fAl2qkU8oXBXJECYSZuZ,1614193533773.jpg
Logan,Denton,336098243,Logan_Denton4600@nickia.com,Z63iVlOEYbqof7K5qRZB,1614193533773.jpg
Maxwell,Partridge,112103283,Maxwell_Partridge656@gompie.com,oJRZUZ1Tp02raqaNdxew,1614193533773.jpg
Melania,Warren,301659761,Melania_Warren5938@eirey.tech,dESsdazre4JePU8sP9yE,1614193533773.jpg
Megan,Gordon,791862028,Megan_Gordon1581@famism.biz,V9KU7kGHhF23uacOPfia,1614193533773.jpg
Johnathan,Pearce,521402479,Johnathan_Pearce4017@bungar.biz,XBLCiemZX3Ydivaobo5B,1614193533773.jpg
Havana,Evans,881614155,Havana_Evans2155@bungar.biz,XSLSWcE3UD1wim57nSzm,1614193533773.jpg
Maia,Bradshaw,643625950,Maia_Bradshaw6691@bungar.biz,P7G8C4WSVonsw30H0hmb,1614193533773.jpg
Liv,Ogilvy,692280427,Liv_Ogilvy4626@deons.tech,sS2EV0PzDy4hHtJOdaf7,1614193533773.jpg
Aleksandra,Lee,366145599,Aleksandra_Lee8544@dionrab.com,uVz98hbjFuxLQjwtofNQ,1614193533773.jpg
Nick,Redden,920019724,Nick_Redden520@yahoo.com,ri6wLzN1O3hVM54R5466,1614193533773.jpg
Kurt,Jobson,107098461,Kurt_Jobson1137@bulaffy.com,hN5W0dUukQRGmup3k0pQ,1614193533773.jpg
Nicole,Rothwell,782542634,Nicole_Rothwell6203@twipet.com,p8cd0HS07twJx5nl4Jth,1614193533773.jpg
Kamila,Niles,791695500,Kamila_Niles1409@cispeto.com,QoKON0BhXVz1t2o93pUV,1614193533773.jpg
Harvey,Ellison,614309048,Harvey_Ellison7833@deons.tech,SKEEZKSwMV5CXRmbMibH,1614193533773.jpg
Luke,Clarkson,134589082,Luke_Clarkson2771@supunk.biz,XQyOWHdbMjulTtW2s7xA,1614193533773.jpg
Mason,Rainford,508821297,Mason_Rainford5011@bungar.biz,1gArUQSW8qs12insHTtb,1614193533773.jpg
Alba,Santos,657960056,Alba_Santos2248@womeona.net,hlekxMQS7EeRaQixlVdx,1614193533773.jpg
Juliette,Stone ,109456896,Juliette_Stone 143@kideod.biz,vnEXxoQdny0FwuoEQXjV,1614193533773.jpg
Owen,Tate,499138703,Owen_Tate8079@womeona.net,E8WBRXy50JgzhRTHNjjQ,1614193533773.jpg
Emery,Robinson,650941571,Emery_Robinson54@yahoo.com,QszBMdPrzoF9nfevisBP,1614193533773.jpg
Erick,Roscoe,407636265,Erick_Roscoe5734@twipet.com,VKvEhe0B0XQKs6Qc9ac4,1614193533773.jpg
Mason,Huggins,661808964,Mason_Huggins3664@yahoo.com,6f2qibFTXnSVYeSqDGrf,1614193533773.jpg
Tyson,Chadwick,834337649,Tyson_Chadwick509@mafthy.com,CxdfSqSlfWfcmZZgdDn8,1614193533773.jpg
William,Wild,98460180,William_Wild5212@qater.org,ZyjrRhkO8rOaVud96Y9c,1614193533773.jpg
Taylor,Watt,452958666,Taylor_Watt8772@guentu.biz,WivLzMsF1XvyYnVAcHyY,1614193533773.jpg
Leroy,Rodgers,920562104,Leroy_Rodgers9895@nimogy.biz,xz5o1PVb9YKNbgwGg0LI,1614193533773.jpg
Henry,Allen,634198095,Henry_Allen5995@deavo.com,myFqjspDsJZwPqEtTSDI,1614193533773.jpg
Cynthia,Stark,879192461,Cynthia_Stark1544@supunk.biz,34lUHYrReAXvCGo6ONgK,1614193533773.jpg
Carol,Dyson,141155003,Carol_Dyson7768@muall.tech,mw6akqomSAUBmM3Nldic,1614193533773.jpg
Teagan,Jordan,982451587,Teagan_Jordan8210@gompie.com,NLnIopazJ0DFhbXAn7lA,1614193533773.jpg
Mike,Vinton,375038876,Mike_Vinton4580@joiniaa.com,NpbmS6mxROcmDseb4RpP,1614193533773.jpg
William,Amstead,700343631,William_Amstead4964@sveldo.biz,OzZgeCDK65OPci2LHuIL,1614193533773.jpg
Leroy,Wood,633519974,Leroy_Wood3978@gmail.com,YqXYZIbBH7z22Xu8MwHH,1614193533773.jpg
Matthew,Roman,596935220,Matthew_Roman6422@vetan.org,wMFOCH0Wqb3Yvo5oFwvx,1614193533773.jpg
Priscilla,Walsh,28637146,Priscilla_Walsh7806@brety.org,tjfg8oMVCIpxjKax5EbT,1614193533773.jpg
Destiny,Anderson,870779467,Destiny_Anderson4567@iatim.tech,Uvpizykl1ZA8yMWJPnEW,1614193533773.jpg
Vanessa,Utterson,226154297,Vanessa_Utterson707@sveldo.biz,5vtIdHFOQVvXmMpFubet,1614193533773.jpg
Analise,Powell,248691781,Analise_Powell9867@gompie.com,7XGlF4DqU70ILMYrEeJ4,1614193533773.jpg
Alexia,Osman,380605683,Alexia_Osman5699@yahoo.com,sKbPtgjF998F9rOwntBD,1614193533773.jpg
Jacob,Rivers,411623204,Jacob_Rivers6410@gembat.biz,oaqxe6BJF4cv2HWUFCmg,1614193533773.jpg
Hayden,Wise,219344198,Hayden_Wise4579@nimogy.biz,aaqB5r5pzVDNitfwmdVx,1614193533773.jpg
Roger,Freeburn,931074484,Roger_Freeburn8367@nimogy.biz,gcXiUjBonqj5tjpV4vLN,1614193533773.jpg
Gwenyth,Knight,698993394,Gwenyth_Knight8708@sheye.org,jX5A9ypkwN2yLDiWvqqi,1614193533773.jpg
Rocco,Knight,600031605,Rocco_Knight5905@irrepsy.com,ciLdGbcl9qrkHuGtpUZg,1614193533773.jpg
Alessandra,Exton,393675297,Alessandra_Exton2140@tonsy.org,ZIudVBuACxKhBoCMkxQ5,1614193533773.jpg
Chester,Addison,610216690,Chester_Addison517@nanoff.biz,ZBsjg9UcOHrzFbrQmIaK,1614193533773.jpg
Lily,Notman,722988244,Lily_Notman787@tonsy.org,CGzNDY5tVjou3P6nTAeV,1614193533773.jpg
Ramon,Mcleod,288127255,Ramon_Mcleod9826@bulaffy.com,O76Y0L1WsGJ0d37DpiOI,1614193533773.jpg
Josh,Andrews,79919771,Josh_Andrews7760@bulaffy.com,J6iIZJ7soXe8uXgVY2m5,1614193533773.jpg
Sienna,Andrews,911057524,Sienna_Andrews3490@naiker.biz,a9s7IeivWyT2R5SVWowm,1614193533773.jpg
Kamila,Lloyd,166200224,Kamila_Lloyd7959@deons.tech,S5vhUjRxz4wCToJtbiJD,1614193533773.jpg
Grace,Eaton,438215871,Grace_Eaton5445@tonsy.org,xw9NOS5IlPHNyplTYU9I,1614193533773.jpg
Josh,Graves,675407471,Josh_Graves8162@acrit.org,6FodsFMKEiWTqDu4hTY2,1614193533773.jpg
Maria,Downing,506147415,Maria_Downing2122@naiker.biz,HRr5XkMF3Y5JB28EIJQ4,1614193533773.jpg
John,Mooney,334463480,John_Mooney8520@vetan.org,DELb1M9DwB2iNq30jWEv,1614193533773.jpg
Carl,Murray,110240364,Carl_Murray688@joiniaa.com,O8przQOTb6FHYQk5sEXb,1614193533773.jpg
Cameron,Bentley,835517463,Cameron_Bentley861@deons.tech,vJk9vjQCUEW3HQPnj0lu,1614193533773.jpg
Bryon,Carter,539993654,Bryon_Carter4823@kideod.biz,HOLxvPln2oCj282asDfU,1614193533773.jpg
Leilani,Judd,662508322,Leilani_Judd9311@qater.org,DyeZNchdsmtaj0kC1g24,1614193533773.jpg
Luke,Furnell,349381523,Luke_Furnell6548@supunk.biz,4eV5IB7iXkXFKQHnnIuy,1614193533773.jpg
Gemma,Burge,13103669,Gemma_Burge7099@iatim.tech,A9Rcx8ydMuuZ9ClVVVNf,1614193533773.jpg
Dorothy,Walter,784734640,Dorothy_Walter5817@infotech44.tech,qetgMPephap40AaxSf2z,1614193533773.jpg
Barry,Appleton,777487565,Barry_Appleton612@infotech44.tech,H75XzYUzMChPSW3dz7cO,1614193533773.jpg
Norah,Connell,795894090,Norah_Connell2083@bretoux.com,WXkUjY0dZq7ljiCSeIKf,1614193533773.jpg
Judith,Murray,600617459,Judith_Murray9867@deons.tech,Pow55HoXiuSPYSHgV9Vd,1614193533773.jpg
Clint,Stanton,261665632,Clint_Stanton5233@infotech44.tech,AMHcaqQN33zx1GrtDgY7,1614193533773.jpg
Makena,Rainford,179405389,Makena_Rainford942@typill.biz,sf549ZPhdKzCHRMkD7Wn,1614193533773.jpg
Jacqueline,Gibson,307014497,Jacqueline_Gibson7281@nickia.com,nN4ZSQAylOfHv8CLGmLT,1614193533773.jpg
Remy,Wellington,669886728,Remy_Wellington7931@vetan.org,ofpjqV9FawccHVE1jOmr,1614193533773.jpg
Bethany,Thomas,408870935,Bethany_Thomas4321@nanoff.biz,6gLoa3yezUDAJ6WtDRIg,1614193533773.jpg
Bree,Weatcroft,862105098,Bree_Weatcroft8811@yahoo.com,wnwv3J92VeH2UuzDETvZ,1614193533773.jpg
Noemi,Robinson,592566127,Noemi_Robinson47@ovock.tech,be4aS3ixEcPR4eUbOMv6,1614193533773.jpg
Georgia,Brooks,519397399,Georgia_Brooks3075@corti.com,NfSrpY0arUglLs2viYHx,1614193533773.jpg
Eduardo,Tait,577870759,Eduardo_Tait7768@supunk.biz,iRCUj7W4eEvSfQaRit5Q,1614193533773.jpg
Molly,Patel,763942343,Molly_Patel4362@cispeto.com,A1GZPVXtyQ5qq4BJwQ2D,1614193533773.jpg
Kamila,Hall,124124435,Kamila_Hall4927@nimogy.biz,mtcI9jVIZNClraQTF94i,1614193533773.jpg
Owen,Lynn,818786675,Owen_Lynn1699@jiman.org,rQew28hffbkkiB48To8s,1614193533773.jpg
Joseph,Hill,630334284,Joseph_Hill6981@grannar.com,eP42eCHWh745XRm661FU,1614193533773.jpg
Daniel,Armstrong,782478759,Daniel_Armstrong5390@fuliss.net,jwlS2LAPYrq6WAckGHVe,1614193533773.jpg
Noah,Swift,480673055,Noah_Swift2714@irrepsy.com,EIaP1VcIxLoJRcIplHCY,1614193533773.jpg
Hayden,Baldwin,634736233,Hayden_Baldwin2013@nimogy.biz,lDTuE4eR1l8NmYHRYxDK,1614193533773.jpg
Alexander,Weasley,22058219,Alexander_Weasley845@nimogy.biz,mFYKILS1RzFWIiZwjSpX,1614193533773.jpg
Anthony,Thomson,519306176,Anthony_Thomson3802@bauros.biz,bOG4D3cth9nbVk5pO2wY,1614193533773.jpg
Martin,Swift,999576984,Martin_Swift9105@dionrab.com,D1AtgAHRdVysiSRyDG99,1614193533773.jpg
Daniel,Mitchell,651333933,Daniel_Mitchell3768@sheye.org,VTpO6ex373xopa6I2WWu,1614193533773.jpg
Danny,Clifton,361768135,Danny_Clifton4323@deavo.com,9fc2KfkqJt3kMysnlTxO,1614193533773.jpg
Marie,Jennson,288920825,Marie_Jennson4420@nanoff.biz,znMPotVcRzcbM2q8SLa9,1614193533773.jpg
Marjorie,Parker,265264289,Marjorie_Parker6546@brety.org,lHeXHFBaCIyDJgmTo6k4,1614193533773.jpg
Paige,Clarke,532689934,Paige_Clarke2997@nanoff.biz,BBvmKyuVEAWuOuWOz7F7,1614193533773.jpg
Emmanuelle,Addley,14502639,Emmanuelle_Addley8185@bauros.biz,SYHajK6NdwaXyblHmvxa,1614193533773.jpg
Eduardo,Gray,897392999,Eduardo_Gray6245@grannar.com,e6jwJuHrj8F70LZXBNxB,1614193533773.jpg
Bridget,Henderson,27971291,Bridget_Henderson8588@joiniaa.com,gxWk8ILCvr3r8AgVli5u,1614193533773.jpg
Ada,Villiger,109394330,Ada_Villiger7528@zorer.org,b6v2nG3GMTpBwE4LZQ0G,1614193533773.jpg
Bart,Waterson,80644183,Bart_Waterson1441@bulaffy.com,PhggnqeW9RoxU3CYCrtt,1614193533773.jpg
Joyce,Clifford,576646114,Joyce_Clifford1450@ubusive.com,6cRHirEVvLfSIM06V7XT,1614193533773.jpg
Daniel,Dann,636118723,Daniel_Dann2982@acrit.org,OeUO4j36zMZcAlbBcozM,1614193533773.jpg
Boris,Stark,434383640,Boris_Stark329@womeona.net,dH8jj7VXKPYHqgee44LX,1614193533773.jpg
Ramon,Sylvester,112768989,Ramon_Sylvester3530@guentu.biz,zmNIADvSVqGOctzeb1Np,1614193533773.jpg
Cameron,Hill,118942209,Cameron_Hill228@infotech44.tech,VYdY6S9jH3k9o2UOSGGC,1614193533773.jpg
Vicky,Kaur,62952561,Vicky_Kaur9301@gembat.biz,l8iOEkbi1nq24qmb7ads,1614193533773.jpg
John,Tate,401029561,John_Tate4696@yahoo.com,HN1sF44GTnWB0fxUiKvC,1614193533773.jpg
Summer,Rixon,854677017,Summer_Rixon1139@naiker.biz,gTZ2KubYDZLdyfGuuAlS,1614193533773.jpg
Fred,Knight,679351116,Fred_Knight5463@liret.org,ZXG5geWHfgNYf00yytU5,1614193533773.jpg
Eden,Lucas,952681330,Eden_Lucas1165@grannar.com,QeKUeb7oPXKJKxw0kJy8,1614193533773.jpg
Aiden,Ogilvy,139251725,Aiden_Ogilvy3116@bungar.biz,dOt0gw4oJ95GXkYwACBi,1614193533773.jpg
Isabel,Norris,925134311,Isabel_Norris1398@corti.com,wr7LmOaC3VjAWFWCXyrC,1614193533773.jpg
Eduardo,Stone ,100662842,Eduardo_Stone 7078@typill.biz,ZCzpbOxaggO0PMR0W1dy,1614193533773.jpg
Sofie,Coll,834902079,Sofie_Coll4874@womeona.net,1SHeI1xuXWIygMDQM9L3,1614193533773.jpg
Benny,Dickson,227460698,Benny_Dickson208@fuliss.net,8slgbZdEqzaSeNvRI4cH,1614193533773.jpg
Roger,Cox,410630001,Roger_Cox5704@jiman.org,f8V7A9M3uitQsC33WM6L,1614193533773.jpg
Thea,Sherwood,934189401,Thea_Sherwood9047@brety.org,yysyXZy3f3geNJBfPZDR,1614193533773.jpg
Lorraine,Newton,313859569,Lorraine_Newton6516@grannar.com,PsbhDPZW2Om06GjZiZKz,1614193533773.jpg
Enoch,Mitchell,753660959,Enoch_Mitchell7716@ubusive.com,JVWjJGxIhWf0zq0c3qvs,1614193533773.jpg
Tess,Pitt,772445760,Tess_Pitt2096@sveldo.biz,KA16rYWoYe2GKSWbJlWC,1614193533773.jpg
Phillip,Dallas,402845266,Phillip_Dallas9602@famism.biz,kQh8hwOZKmHZPuugFc9n,1614193533773.jpg
Phoebe,Shields,802016892,Phoebe_Shields6009@yahoo.com,TXD2Yf4uUmTLDVwKjuXg,1614193533773.jpg
Martin,Leigh,373697136,Martin_Leigh456@elnee.tech,lBZzfsO0LJMwX7Jq0qz7,1614193533773.jpg
Erick,Cooper,657893567,Erick_Cooper4642@jiman.org,slJ5Al6NdOouAnExAvWO,1614193533773.jpg
Maddison,Chapman,589351604,Maddison_Chapman1270@zorer.org,kVf3eW6L4aw47QWmtjxH,1614193533773.jpg
Eryn,Hood,141423596,Eryn_Hood4744@fuliss.net,kOc4MsT2dQEwxBANbWae,1614193533773.jpg
Kurt,Saunders,345763679,Kurt_Saunders1581@eirey.tech,gEFsZ7frSvz6Wr3xEHu7,1614193533773.jpg
Grace,Collins,609318115,Grace_Collins2432@jiman.org,1WTCPaqpC2ZoUbnhbddH,1614193533773.jpg
Caitlyn,Gallacher,307180509,Caitlyn_Gallacher2744@brety.org,CGscs7PUDkkMy57NiAvg,1614193533773.jpg
Liam,Rossi,375379795,Liam_Rossi4890@extex.org,BptF05Cw4QrjntjJfV8t,1614193533773.jpg
Analise,Glynn,614429290,Analise_Glynn6048@elnee.tech,fxZaTSEogcWl9bCxjHda,1614193533773.jpg
Tony,Utterson,481485975,Tony_Utterson4888@bretoux.com,O5ogvHeY00aMPEtXw569,1614193533773.jpg
Bart,Edmonds,448225511,Bart_Edmonds5484@ovock.tech,UV8LZivw5eunlFmMcM8y,1614193533773.jpg
Michaela,Cork,799366340,Michaela_Cork262@guentu.biz,c8K6vf6YPbZUHrjcpLKg,1614193533773.jpg
Johnny,Ripley,245531473,Johnny_Ripley4881@bulaffy.com,vn0KfXbHALFirunHf5c0,1614193533773.jpg
Chuck,Walsh,696213085,Chuck_Walsh5202@guentu.biz,fXouPtOFl17WvEBwWJon,1614193533773.jpg
Tom,Miller,393854261,Tom_Miller4310@bretoux.com,L0gabAw1RGyHgHDibQU6,1614193533773.jpg
Mark,Myatt,199339639,Mark_Myatt9370@extex.org,y6C7WNjQl38sv4t2OVdb,1614193533773.jpg
Carla,Silva,235180083,Carla_Silva6998@infotech44.tech,vuFdLXpW9Ys3qgvJwyQX,1614193533773.jpg
Sabrina,Mccall,10332151,Sabrina_Mccall580@acrit.org,JuFYd9qGf2ezjtStrEZz,1614193533773.jpg
Hanna,Alldridge,109949690,Hanna_Alldridge7241@qater.org,XGISZcIF6wWGuhRbm9pm,1614193533773.jpg
Enoch,Ellis,289659367,Enoch_Ellis9488@bretoux.com,GlkyZnRvsiVgv0Slx0VG,1614193533773.jpg
Matt,Gallacher,136035043,Matt_Gallacher8605@gmail.com,qI9oJnvVD0pNEI9Fxc6C,1614193533773.jpg
Mackenzie,Benfield,38324882,Mackenzie_Benfield1901@ubusive.com,xqMuSYVxB2ENVoPbZ7dz,1614193533773.jpg
Martha,Bailey,828985605,Martha_Bailey5976@mafthy.com,1pQd3psfGAOJ43hS8WJs,1614193533773.jpg
Adeline,Gilmour,781907529,Adeline_Gilmour1698@hourpy.biz,tLuiImERuhRbwBSTjeSE,1614193533773.jpg
Sharon,Barrett,34939316,Sharon_Barrett2559@guentu.biz,c9F9YlMabShkLCZfFtSP,1614193533773.jpg
Jack,Hobbs,32911423,Jack_Hobbs2512@vetan.org,a8ZX0UQPhZaHs9OBiDuw,1614193533773.jpg
Chester,Andersson,154438665,Chester_Andersson113@acrit.org,eBUgijpWvpVcA7kRbQWe,1614193533773.jpg
Noah,Neville,748436526,Noah_Neville6853@ovock.tech,XDBdHOgpDddbGNJkOk0k,1614193533773.jpg
Leroy,Jacobs,335668734,Leroy_Jacobs1789@jiman.org,ozA7AiJr3FGxjhmHDrS1,1614193533773.jpg
Rhea,Robinson,649703624,Rhea_Robinson9806@nimogy.biz,hPrxo3qvzRwjT2RkQW8T,1614193533773.jpg
Ramon,Lynn,298994134,Ramon_Lynn1232@atink.com,3YYMmQTMlntFQiHizYpe,1614193533773.jpg
Nick,Glass,605222324,Nick_Glass4422@ovock.tech,NzaEqzNQK5IOMr7aUxvq,1614193533773.jpg
Carrie,Lunt,589594425,Carrie_Lunt8642@infotech44.tech,cvTsq7TGC9CdYdZo2zMr,1614193533773.jpg
Domenic,Baker,949300739,Domenic_Baker3402@jiman.org,gaC58OpGTiLFLjsEKXXa,1614193533773.jpg
Daron,Adams,580597013,Daron_Adams764@typill.biz,uCDh7jCGIZ5zSrROJd0J,1614193533773.jpg
Elijah,Harris,581699444,Elijah_Harris2582@zorer.org,ULOXQ0tjMqK5fZpiTdRG,1614193533773.jpg
Emma,Holt,584153582,Emma_Holt4917@corti.com,XLNpKDPVJiIelyWZ2o3w,1614193533773.jpg
Skylar,Windsor,220211972,Skylar_Windsor8709@acrit.org,mhX8D6iyMXfdsBuiM9xy,1614193533773.jpg
Piper,Murray,362029678,Piper_Murray7228@deavo.com,p7MElO3D1u4kQATrLBQV,1614193533773.jpg
Boris,Norburn,946269181,Boris_Norburn9170@atink.com,4ULeMnySrCPum5O6aPJc,1614193533773.jpg
Penny,Swift,370114559,Penny_Swift9714@ubusive.com,7AwxbXzueNRGikCjJzg2,1614193533773.jpg
Joseph,Woods,61372358,Joseph_Woods8507@nickia.com,l7cYqjfg4Gq0pY3Mks6w,1614193533773.jpg
Nick,Graves,796247231,Nick_Graves9615@typill.biz,GDkTe7tp3e1H3tpIspa2,1614193533773.jpg
Mary,Burge,625613817,Mary_Burge6725@iatim.tech,NJFFUKLJmkIv7uqd47o1,1614193533773.jpg
Aileen,Oswald,971714288,Aileen_Oswald9415@brety.org,8gapPngFGBmM49aOlHIl,1614193533773.jpg
Clint,Cassidy,450996940,Clint_Cassidy6826@grannar.com,eQAJvgrzChIz5RSci89s,1614193533773.jpg
Mandy,Huggins,750539585,Mandy_Huggins9587@vetan.org,V8wrZvM7sgZMPzPuJPMJ,1614193533773.jpg
Domenic,Campbell,839678274,Domenic_Campbell7461@sveldo.biz,4wBlwtJORgqvAxJ6266T,1614193533773.jpg
Alan,Walton,127004315,Alan_Walton3927@typill.biz,gLCcBWSsmuUrkVFp64N7,1614193533773.jpg
Gwen,Gordon,28250302,Gwen_Gordon8957@naiker.biz,dFzsNu66OlmowwlVrBjO,1614193533773.jpg
Violet,Ainsworth,176793164,Violet_Ainsworth2561@jiman.org,aOZP2CaqftHN2cblyoc6,1614193533773.jpg
Stacy,York,234434559,Stacy_York4512@gompie.com,QCGHvdDDJdnwBJdIzLxT,1614193533773.jpg
Alexia,Sheldon,362056296,Alexia_Sheldon1776@joiniaa.com,yzf25kTTxzTXkJGEJu6W,1614193533773.jpg
Adelaide,Rees,825044540,Adelaide_Rees4529@mafthy.com,86RBY5i46zXavgLHkqaU,1614193533773.jpg
Jazmin,Noon,870938547,Jazmin_Noon8565@liret.org,aFrkLZn3c69gzBaaSZKJ,1614193533773.jpg
Hank,Webster,616954921,Hank_Webster6011@twipet.com,4Vd0nu5GW5ajBcUPAF93,1614193533773.jpg
Alan,Yang,130959460,Alan_Yang3667@brety.org,bfcb52dHsZLUO3cp3Wd3,1614193533773.jpg
Melanie,Wilton,61535760,Melanie_Wilton1339@joiniaa.com,6KEufcnd74KwQQSlGZTf,1614193533773.jpg
Isla,Flett,245018840,Isla_Flett5986@irrepsy.com,kx1wAW9GK2UR75zP10JB,1614193533773.jpg
Julius,Clarkson,207941339,Julius_Clarkson8056@guentu.biz,00JunqU6FLZewNw4Vp8H,1614193533773.jpg
Davina,Young,937221497,Davina_Young2191@typill.biz,SoMqKn1biCzEI1o2VMgz,1614193533773.jpg
Benjamin,Pond,753422962,Benjamin_Pond8967@joiniaa.com,PRRbnEusRe3OZGUp0bxu,1614193533773.jpg
Julian,Mitchell,298228884,Julian_Mitchell6049@jiman.org,YBLiUS7FgTnq6d4gc9zW,1614193533773.jpg
Manuel,Carter,175416939,Manuel_Carter2821@famism.biz,Fl409Z0ezeqoxSbh4BQR,1614193533773.jpg
Sofie,Potts,501372536,Sofie_Potts4601@zorer.org,W4I3qyUBpYAS8uI6wZYH,1614193533773.jpg
Quinn,Fox,769738193,Quinn_Fox2927@gembat.biz,K4Grm8ea42lMb5sFVWld,1614193533773.jpg
Cassandra,Olson,989808652,Cassandra_Olson3365@ubusive.com,N40pQfwfq358xzyMUHWS,1614193533773.jpg
Hope,Bloom,796682430,Hope_Bloom5871@irrepsy.com,PP7koPKBNixNajqvyDFx,1614193533773.jpg
Marie,Bingham,533779032,Marie_Bingham1600@typill.biz,z2YIkdixIXC9Fw1Peaa0,1614193533773.jpg
Kate,Murray,120370213,Kate_Murray6715@supunk.biz,QgIiSFbEWUR4j12y0RcM,1614193533773.jpg
Andrea,Long,359353269,Andrea_Long6061@bauros.biz,Gn70MvS62YDbPGapFw6h,1614193533773.jpg
George,Jarrett,891961154,George_Jarrett6443@womeona.net,8t33Za8OjdzCTP9iqDMp,1614193533773.jpg
Mona,Ellery,66475018,Mona_Ellery3297@kideod.biz,tDkAeI5Azys4a69hl0i7,1614193533773.jpg
Alan,Wilkinson,207476232,Alan_Wilkinson4214@yahoo.com,6iX77I4JRXlVaEvfFYkc,1614193533773.jpg
Hank,Calderwood,251271401,Hank_Calderwood9829@womeona.net,fvqiUOwVkERrw60utI8a,1614193533773.jpg
Chad,Fleming,492345695,Chad_Fleming8860@joiniaa.com,7zy5hkqVAe7anU5DILp4,1614193533773.jpg
Renee,Wade,287134607,Renee_Wade725@atink.com,FmhyJgYKsOoT8O4Zyg0Y,1614193533773.jpg
Michaela,Fall,21366889,Michaela_Fall8160@twace.org,K5nuBVRCByJMEoJNdg9B,1614193533773.jpg
Daron,Hancock,289964343,Daron_Hancock1855@bretoux.com,Fj6odGwQM2mhim22UWis,1614193533773.jpg
Peter,Ross,180017802,Peter_Ross4000@corti.com,CU00wLLov8spTxKlbvP8,1614193533773.jpg
Marla,Torres,329007243,Marla_Torres1152@acrit.org,A7YEJJlEhOTcHn6XEgta,1614193533773.jpg
Julius,Gavin,884829141,Julius_Gavin6384@nimogy.biz,OHnKFllyfnXRqeTTkfbd,1614193533773.jpg
Michaela,Collins,761498702,Michaela_Collins2529@ubusive.com,njw3wjGUetqjCZiXd14u,1614193533773.jpg
Angelica,Cooper,581494179,Angelica_Cooper4622@joiniaa.com,t0SgcMneNhOmRNaFjNaX,1614193533773.jpg
Cedrick,Yang,814120191,Cedrick_Yang1790@irrepsy.com,63UCSJE603ZJ9wE0YdV8,1614193533773.jpg
Janelle,Faulkner,550095594,Janelle_Faulkner6146@twipet.com,NNWAwETOTxMCkgL6Bwa9,1614193533773.jpg
Mara,Hunter,400284578,Mara_Hunter7447@eirey.tech,IqvgZVjcMBXgoxe4f8Qg,1614193533773.jpg
Zoe,Jarvis,611994864,Zoe_Jarvis5889@mafthy.com,YNRp3v3venuNQGuGUK6z,1614193533773.jpg
Rosa,Dyson,313278310,Rosa_Dyson8521@grannar.com,4F6xC71NVn2E4ayj48yV,1614193533773.jpg
Nina,Farrell,208208060,Nina_Farrell7045@sheye.org,uyFlQV6oYplDDVhgmuGQ,1614193533773.jpg
Bryon,Logan,65960095,Bryon_Logan5859@ubusive.com,lR4CtqI9c2alRO7ZnCB5,1614193533773.jpg
Mike,Woods,110991353,Mike_Woods7021@kideod.biz,xcgqMC61jJOKksBy1yUR,1614193533773.jpg
Carter,Neville,929546527,Carter_Neville227@muall.tech,CPlH9sWDMel7oYh1pkpi,1614193533773.jpg
Payton,Collins,871133461,Payton_Collins997@twace.org,Y8KNopp5wWs2vF4BQtB1,1614193533773.jpg
Ellen,Kaur,524568779,Ellen_Kaur4183@twipet.com,MZohrSmaUi1MCgeZhoxX,1614193533773.jpg
Cedrick,Thatcher,240898326,Cedrick_Thatcher1880@kideod.biz,bCcWfthdyRyWz44SjZVP,1614193533773.jpg
Hank,Bristow,857918298,Hank_Bristow9083@joiniaa.com,jpXxSCZHyKSpZS9QXlbG,1614193533773.jpg
Maribel,Pitt,368097877,Maribel_Pitt5189@ovock.tech,7wcpOzNGwtLv11J9dBRV,1614193533773.jpg
Ethan,Ashwell,91598063,Ethan_Ashwell7491@iatim.tech,rUD8wgbqgAflm5AwYX5k,1614193533773.jpg
Josephine,Snow,276418257,Josephine_Snow2023@acrit.org,WkQrSaQjPxrgqZSaGwva,1614193533773.jpg
Kamila,Whitmore,263147989,Kamila_Whitmore414@womeona.net,deufbXgWoHMWjqDpyApw,1614193533773.jpg
Rufus,Quinnell,414600031,Rufus_Quinnell1646@bulaffy.com,JjN61u0XvIdBB7J8bVVg,1614193533773.jpg
Doug,Turner,484045504,Doug_Turner4007@typill.biz,GDLB4uOCKbUPacSLOthD,1614193533773.jpg
Zoe,Harris,406172656,Zoe_Harris1825@gembat.biz,ys8Krc8954TIjfjEUw0r,1614193533773.jpg
George,Rixon,429235670,George_Rixon8967@cispeto.com,xR5v8w5dW0JmNJsQOiQL,1614193533773.jpg
Mason,Walsh,511926940,Mason_Walsh7371@grannar.com,MjXWcV3F2umv1MgHAaBa,1614193533773.jpg
Bob,Wright,647307209,Bob_Wright1361@cispeto.com,719IUH8ZZBBxyp2p3tN6,1614193533773.jpg
Noah,Thomas,374371350,Noah_Thomas7865@kideod.biz,ZrCihIqOPJbdCw7CZmW2,1614193533773.jpg
Florence,Parker,481047826,Florence_Parker3786@grannar.com,wgE6BMFB6zqCqVcDFiK9,1614193533773.jpg
Ron,Poulton,815117871,Ron_Poulton6847@corti.com,h7ZGk9Cpk19PhWHGVQQh,1614193533773.jpg
Brad,Clarke,907514366,Brad_Clarke448@mafthy.com,jPaA3pX5P0mVw2mQJfD9,1614193533773.jpg
Domenic,Morrison,103017296,Domenic_Morrison7666@eirey.tech,RMvKls7aqkwyapqLRUPo,1614193533773.jpg
Wade,Owen,917133481,Wade_Owen3369@ubusive.com,7rcBCklHL23mAW6Es1zQ,1614193533773.jpg
Daron,Farrell,305986772,Daron_Farrell2603@infotech44.tech,IIYheSIv4e5zlcmoOJvE,1614193533773.jpg
David,Jacobs,818520263,David_Jacobs9023@irrepsy.com,uukzbrLDaPKjC3TCIjnA,1614193533773.jpg
Makena,Turner,163587138,Makena_Turner181@gmail.com,CFEXZ4OrURlVsBtUZayE,1614193533773.jpg
Wade,Cobb,750909616,Wade_Cobb2633@infotech44.tech,khi9fOUvTs9iSZEyHTGa,1614193533773.jpg
Rosa,Cobb,673263821,Rosa_Cobb9384@elnee.tech,6nLMQCu43Q2Gl18uj2CF,1614193533773.jpg
Benny,Carter,286591005,Benny_Carter3021@nimogy.biz,FVVkjYEv2L367q8Wg33k,1614193533773.jpg
Carter,Bryson,692918210,Carter_Bryson2135@qater.org,9XyOGb91QoseW6jJMpXs,1614193533773.jpg
Erick,Jenkins,903334063,Erick_Jenkins9152@infotech44.tech,FU3VsYpz5vQHJP0LK4TI,1614193533773.jpg
Analise,Rogers,59582338,Analise_Rogers3314@ovock.tech,GRHgZVNA5M4IYxG1z0Av,1614193533773.jpg
Chris,Booth,140450066,Chris_Booth9015@nanoff.biz,Bazmb8LXxO7dgy5mc9mO,1614193533773.jpg
Julius,Archer,718470259,Julius_Archer7878@twace.org,lG7A4UFfgJjeyrUUeGzU,1614193533773.jpg
Aileen,Bolton,83324086,Aileen_Bolton4865@joiniaa.com,j1kMiR8R5Eo7h1Mlx2ge,1614193533773.jpg
Emerald,Whittle,547139247,Emerald_Whittle2709@hourpy.biz,1JG6KucnIpSvfgSyjC5s,1614193533773.jpg
Tom,Davies,875612387,Tom_Davies4014@zorer.org,1qWxVxBnOjcPKRo4eOhS,1614193533773.jpg
Michelle,Turner,952018547,Michelle_Turner4281@mafthy.com,AsnXOwRfrdlUAuxWVZWu,1614193533773.jpg
Cassidy,Shields,872637346,Cassidy_Shields9759@grannar.com,tb1aXpVMF3LKsnGeSvYp,1614193533773.jpg
Anabel,Harris,238976799,Anabel_Harris4564@nickia.com,mHCSFXLaIkVPLO3can8r,1614193533773.jpg
Willow,Simmons,11108358,Willow_Simmons2989@supunk.biz,3vo2FWMXPJH7oR3CrC9q,1614193533773.jpg
Marie,Lomax,128730874,Marie_Lomax7885@twace.org,UjhPALAvKAQ6Bml3PgF7,1614193533773.jpg
Logan,Eastwood,249112451,Logan_Eastwood1626@grannar.com,6Z89mYhFj4OuGZDuYSEc,1614193533773.jpg
John,Snow,548923780,John_Snow9229@nimogy.biz,sVH5e4WFVY5pydnpLbD5,1614193533773.jpg
Scarlett,Goodman,346058660,Scarlett_Goodman1259@irrepsy.com,LN7YQUHZmPbeET1K6wxB,1614193533773.jpg
Clint,Reynolds,198821808,Clint_Reynolds8546@joiniaa.com,lO3GhOLEuaUs7XZp7vh1,1614193533773.jpg
Robyn,Lowe,351975924,Robyn_Lowe4207@eirey.tech,1o3UqAXXLmpCXbwiDiqS,1614193533773.jpg
Abbey,Sloan,957182224,Abbey_Sloan8366@joiniaa.com,zwyIrg2NNzDP6UKqz6eQ,1614193533773.jpg
Isla,Mooney,245373865,Isla_Mooney9333@irrepsy.com,ItBK00vO1HoAWdSJEjMN,1614193533773.jpg
Gabriel,Norburn,985831500,Gabriel_Norburn8329@deavo.com,uA7K8TV23Eo2o5fGMCUJ,1614193533773.jpg
Jayden,Dobson,166953055,Jayden_Dobson7225@hourpy.biz,Gsbv4qIHbugVDh8dExbJ,1614193533773.jpg
Rose,Phillips,479201060,Rose_Phillips2433@extex.org,JCBbDgbXx7rEL6oeB7g4,1614193533773.jpg
Johnathan,Fenton,485387050,Johnathan_Fenton6206@eirey.tech,bobdEj7SCJ0q0tecbhyy,1614193533773.jpg
Henry,Griffiths,554169824,Henry_Griffiths1836@zorer.org,4GtaIo2ulACQWzzWA3SM,1614193533773.jpg
Anne,Lucas,52683248,Anne_Lucas222@nickia.com,cPTRecgAp6pcXM3MUqYd,1614193533773.jpg
Sadie,Oswald,874476926,Sadie_Oswald2209@womeona.net,AKqw8zcyyFBOg5WArbD7,1614193533773.jpg
Celina,Brooks,989645821,Celina_Brooks2731@grannar.com,HWCR51i7sfRbruayOqfa,1614193533773.jpg
Esmeralda,Carter,631027890,Esmeralda_Carter3664@womeona.net,H4x0oBalQPdoP7AcPZ4Z,1614193533773.jpg
Leroy,Whatson,351938433,Leroy_Whatson6129@brety.org,YCZVBdPozWThLyG1EcO5,1614193533773.jpg
Mabel,Garner,704611620,Mabel_Garner6243@bungar.biz,mm3i6VKzawHHHfafdrsG,1614193533773.jpg
Sage,Waterson,502288535,Sage_Waterson1991@twace.org,Iw00MKV2sAJlW3aesYWy,1614193533773.jpg
Sabina,Cartwright,367881917,Sabina_Cartwright9135@iatim.tech,v8WysxLG6EwBJWcv2e6k,1614193533773.jpg
Ivette,Payne,500523583,Ivette_Payne6359@fuliss.net,gZs2I9cG2UoNH5QUd1Ks,1614193533773.jpg
Miley,Hood,649342707,Miley_Hood7389@gompie.com,Eo01Y5HLfNT0HmqbgEIj,1614193533773.jpg
Rocco,Hudson,333907698,Rocco_Hudson9435@supunk.biz,1vycMYiblQDQ3LhQYg5B,1614193533773.jpg
Phillip,Redden,724069777,Phillip_Redden942@bulaffy.com,ouiXBFVDhla9J9VMVFXR,1614193533773.jpg
Hayden,Baker,298955853,Hayden_Baker6672@bauros.biz,LcxxLZUTSFzBWKPxtQsR,1614193533773.jpg
Adalie,Glynn,625975028,Adalie_Glynn5118@infotech44.tech,ECk5fytgNZeqicrPXLRN,1614193533773.jpg
Evelynn,Owen,76320288,Evelynn_Owen4461@gembat.biz,pXGUqVC3QMoC5QYZhgdT,1614193533773.jpg
Brooklyn,Baldwin,204192722,Brooklyn_Baldwin9012@jiman.org,36ZCGJYCDEDKxaXun4aZ,1614193533773.jpg
Domenic,Notman,502401787,Domenic_Notman4717@bretoux.com,qhK8ZGqXyejWd0VeN4jx,1614193533773.jpg
Doug,Boyle,572225668,Doug_Boyle6481@bretoux.com,ByAIpY3SbCNaD3PsplUG,1614193533773.jpg
Matthew,Smith,268619418,Matthew_Smith7441@grannar.com,3lD6D8zQKvqEr8vRnuYG,1614193533773.jpg
Samara,Nayler,617614620,Samara_Nayler2766@brety.org,rJ54UCLF6DsjWYMGWbpU,1614193533773.jpg
Eryn,Brooks,796223027,Eryn_Brooks8372@muall.tech,75bdDXrRUoNLNQyTOIEp,1614193533773.jpg
Chuck,Murphy,201260004,Chuck_Murphy1819@sheye.org,jn9irOLT6WdujbI9ePSR,1614193533773.jpg
Barney,Gunn,380854620,Barney_Gunn1752@brety.org,hxwRl5LTEEI7miNe1mX8,1614193533773.jpg
Daron,Eagle,675072152,Daron_Eagle3904@infotech44.tech,QmXoqR5UQdPNtaoOkH3n,1614193533773.jpg
Elise,Veale,413192208,Elise_Veale7730@twace.org,29S6q9fVcUDixboxy82i,1614193533773.jpg
Candace,Bingham,970942376,Candace_Bingham5480@typill.biz,bGR7696d88TvFTJAPUY2,1614193533773.jpg
Nathan,Stevens,687541790,Nathan_Stevens9297@bungar.biz,sRUe6FaA8SXqF9YDZkCA,1614193533773.jpg
Peter,Dann,474747118,Peter_Dann4516@gmail.com,x6K9nQtyNiuIagcOR1Cj,1614193533773.jpg
Robyn,Ashley,279623695,Robyn_Ashley4380@kideod.biz,41PVMgk9mmKtT6zuj3iL,1614193533773.jpg
Scarlett,Vincent,930442082,Scarlett_Vincent4322@irrepsy.com,uFr4eFtslr8ysVrW7T5t,1614193533773.jpg
Ramon,Camden,266972567,Ramon_Camden9448@vetan.org,cDJLs9i7vnwJtN8vLb72,1614193533773.jpg
Rosalee,Hope,852131786,Rosalee_Hope7552@liret.org,cTC4IwebnaZGqP0ctTae,1614193533773.jpg
Chester,Widdows,252223039,Chester_Widdows10@corti.com,dBztijJRHMnPGCMTXx4n,1614193533773.jpg
Barry,Reid,136092976,Barry_Reid9422@zorer.org,rLqqrfGVkXUcClNPJrwr,1614193533773.jpg
Alison,Flett,922693882,Alison_Flett1128@nanoff.biz,99yrIrVb6cO6Wnbo1ujg,1614193533773.jpg
Elijah,Wright,843644029,Elijah_Wright8563@infotech44.tech,lAOikVyKnoCGk85w280K,1614193533773.jpg
Boris,Reynolds,562186861,Boris_Reynolds483@dionrab.com,huWQ3IFIIckVqPW2upff,1614193533773.jpg
Sharon,Roman,546272784,Sharon_Roman8904@acrit.org,EDYnBsurvIhsQcRUKzXh,1614193533773.jpg
Peter,Douglas,973760713,Peter_Douglas9869@liret.org,z9rVCT6UGj3hI0IlKZow,1614193533773.jpg
Alice,Carson,335605133,Alice_Carson8329@muall.tech,9z8DHFQcrfBRRczXHXfY,1614193533773.jpg
Camila,Lakey,622907734,Camila_Lakey9141@deavo.com,4okSQoVBYv27LmreLVIY,1614193533773.jpg
Belinda,Walker,13039482,Belinda_Walker9073@famism.biz,lowuXM73I29daBBFskYM,1614193533773.jpg
Penelope,Holmes,298856003,Penelope_Holmes68@yahoo.com,VOAaqyJ3Y2UOExqfueuV,1614193533773.jpg
Bob,Lunt,747758796,Bob_Lunt8967@yahoo.com,zQZwlUXYdOVawZfyRQgo,1614193533773.jpg
Bart,Allcott,632974349,Bart_Allcott1832@grannar.com,LbCB1vmyQEXnCjLwywkD,1614193533773.jpg
Elijah,Niles,715496255,Elijah_Niles237@gembat.biz,14U1EjguLZlyZNE9VU9o,1614193533773.jpg
Chester,Walker,31859192,Chester_Walker4549@brety.org,qFetbng5kqBFVoOrUTZV,1614193533773.jpg
Hadley,Ashley,173206960,Hadley_Ashley9889@muall.tech,4qC4yMr3ukMTCGSesUux,1614193533773.jpg
Domenic,Haines,931792252,Domenic_Haines7151@nanoff.biz,Pcj6gI2ibwqW2qkf9GMo,1614193533773.jpg
Elijah,Hunt,790710073,Elijah_Hunt4813@gembat.biz,1IGGjcjxnglVeo7ClwdS,1614193533773.jpg
Lindsay,Wright,542795396,Lindsay_Wright3285@bauros.biz,vqCUTjjWBISNK6g6ejwy,1614193533773.jpg
Bryon,Oldfield,866026089,Bryon_Oldfield5573@supunk.biz,h4Us120e42KP5x8abLv5,1614193533773.jpg
Daria,Wills,582575922,Daria_Wills5459@jiman.org,AIGUhUB5fIjBNjiSduKk,1614193533773.jpg
Julian,Driscoll,292945451,Julian_Driscoll1277@nimogy.biz,hoSaT69or9XBmV3R6yM0,1614193533773.jpg
Trisha,Matthews,575400330,Trisha_Matthews3984@corti.com,B2XLBOXZTzyuJS953tBy,1614193533773.jpg
Hayden,Stuart,891161961,Hayden_Stuart654@fuliss.net,s4RWjvx5xmIi4fnKZdHA,1614193533773.jpg
Madison,Graham,798904250,Madison_Graham3804@infotech44.tech,mKFEyZPaXdEIEhz8Md9l,1614193533773.jpg
Meredith,Wilson,648588407,Meredith_Wilson9632@muall.tech,4TXxiEBVYAoaXxwF4bHK,1614193533773.jpg
Tyler,Thompson,414566505,Tyler_Thompson5964@muall.tech,NWahPFJraVNehwz1k8M3,1614193533773.jpg
Owen,Watt,88811875,Owen_Watt3882@yahoo.com,JcxREufZzXKSgPSjBVJN,1614193533773.jpg
Monica,Jeffery,587241669,Monica_Jeffery7194@grannar.com,njwNKZbvY37Dmba2zNig,1614193533773.jpg
Deborah,Norris,696070096,Deborah_Norris5898@bauros.biz,VCeUO4arFMop1BuksFmZ,1614193533773.jpg
Amelia,Moss,557007759,Amelia_Moss9899@typill.biz,rccytjTxVjzrVC8zz5VZ,1614193533773.jpg
Alan,Abbey,354399916,Alan_Abbey7069@eirey.tech,zqpFvHyS2kvLyZXd3HGd,1614193533773.jpg
Dakota,Power,130297974,Dakota_Power1773@extex.org,Vs5ZXDIqZCK4OvOFmi4w,1614193533773.jpg
Phillip,Chadwick,585126619,Phillip_Chadwick3581@yahoo.com,5wqrKUl95qbEO0trqVDW,1614193533773.jpg
Alba,Robinson,32044139,Alba_Robinson4105@qater.org,lqHTdcqperAdPS91XpSU,1614193533773.jpg
Jessica,Asher,336618951,Jessica_Asher4006@grannar.com,GYWNVnJvrAXL6odVsx46,1614193533773.jpg
Lucas,Harrison,78385027,Lucas_Harrison7183@jiman.org,nHQFpT3kIYwwlvrrMSeE,1614193533773.jpg
Mason,Pierce,20181434,Mason_Pierce7737@twipet.com,WR9AoZ3XHv0P1jB8CPTX,1614193533773.jpg
Estrella,Robe,256075982,Estrella_Robe2908@ovock.tech,GruXVMD9eTxHk0OURusr,1614193533773.jpg
Martin,Flett,843981392,Martin_Flett4301@yahoo.com,Cqk4gNuh0V1FkzycX46T,1614193533773.jpg
Holly,Mitchell,720514412,Holly_Mitchell7925@deons.tech,d0de4khmcQKHqhIL11Ga,1614193533773.jpg
Maggie,Knight,539994817,Maggie_Knight4793@gmail.com,0d9obLnMfViidY4fV6Ai,1614193533773.jpg
Alexa,Garner,121110469,Alexa_Garner3461@guentu.biz,ieVjsSxuWXUKJv0n42Ti,1614193533773.jpg
Barney,Armstrong,754315509,Barney_Armstrong4890@jiman.org,WTmGLXioq8CXTFLbVkFc,1614193533773.jpg
Gwen,Gallacher,275131360,Gwen_Gallacher8453@atink.com,URlwVNiSLzfmMR2MgWQB,1614193533773.jpg
Jules,Wilkinson,770664594,Jules_Wilkinson9951@nanoff.biz,5VcJPvrhSBOE2CjlUzwK,1614193533773.jpg
Jack,Emmett,218674296,Jack_Emmett1371@irrepsy.com,gmL3uMytzsvfRvteYPAw,1614193533773.jpg
Harriet,May,601230743,Harriet_May132@typill.biz,e0Tjj6MVBklHoHBsyk26,1614193533773.jpg
Caleb,Lee,761743358,Caleb_Lee5357@ubusive.com,TQs6s9hmQR5gAHE8kiCP,1614193533773.jpg
Mandy,James,866289715,Mandy_James2265@guentu.biz,MVTpRQrhB9t7Lwcj21sy,1614193533773.jpg
Gina,Duvall,769353822,Gina_Duvall3605@famism.biz,yYuRtHdGnyeve8GIRiTN,1614193533773.jpg
Phillip,Tutton,749566453,Phillip_Tutton2805@naiker.biz,NfqWyoJRGJ97ZmUJdA97,1614193533773.jpg
Adalind,Sloan,790842077,Adalind_Sloan7495@twipet.com,qfp1nOfJ1wfllk34q3lf,1614193533773.jpg
Ronald,Squire,528965310,Ronald_Squire6753@corti.com,26knbY135Uo6YVOpNILJ,1614193533773.jpg
Darlene,Brown,490243454,Darlene_Brown632@acrit.org,Z2pgNhJqtfuiBZMkeFjF,1614193533773.jpg
Joseph,Rivers,481850575,Joseph_Rivers6654@eirey.tech,HueQbI5xoiXxWSZoxM17,1614193533773.jpg
Johnny,Mason,26477026,Johnny_Mason5342@atink.com,sYfJnSC4AShXuYjxidtR,1614193533773.jpg
Teagan,Walton,724125247,Teagan_Walton7301@naiker.biz,LF4QsJ6Q9jNviDvGiwZ0,1614193533773.jpg
Johnny,Cobb,522760173,Johnny_Cobb871@dionrab.com,7ydhgs88DYBDyDQ1HYKo,1614193533773.jpg
Mackenzie,Ring,593630989,Mackenzie_Ring5744@bungar.biz,MTq76F9UpJPchter927k,1614193533773.jpg
Rowan,Seymour,910606483,Rowan_Seymour4800@kideod.biz,9IR34Ice8cmKtIwsLvde,1614193533773.jpg
Morgan,Gaynor,530157023,Morgan_Gaynor6225@infotech44.tech,0Mal1fpyqHZTvonLpvQ6,1614193533773.jpg
Daniel,Logan,291698621,Daniel_Logan5027@bretoux.com,yt8Ya7TOYJelfwH5BJGj,1614193533773.jpg
Florence,Nayler,920671170,Florence_Nayler2549@yahoo.com,akFJ811djVNHCBecfDIY,1614193533773.jpg
Wade,Woods,776396509,Wade_Woods1512@twipet.com,3QYBTDUNRCoVyK7LJTAq,1614193533773.jpg
Denny,Norton,817310628,Denny_Norton2343@cispeto.com,pI7othGRVnZQgK0hqkwx,1614193533773.jpg
Mona,Ward,499800307,Mona_Ward7763@liret.org,vljGIs4sKHjqBZpOMc1e,1614193533773.jpg
Daphne,Powell,800621295,Daphne_Powell7618@typill.biz,UtxizFh9yGc55YGllvVU,1614193533773.jpg
Chester,Hilton,955809423,Chester_Hilton9032@atink.com,TL2Zae0gwjYrQSaL00op,1614193533773.jpg
Valerie,Phillips,85202360,Valerie_Phillips9386@vetan.org,qw5L3yNH1058c0PH1xdy,1614193533773.jpg
Mason,Young,315727323,Mason_Young9324@qater.org,JAxA1nZVmV6bqHLBRlPC,1614193533773.jpg
Kurt,Healy,995260906,Kurt_Healy3455@iatim.tech,5Rzkj7SQjgfFMkOWNxpO,1614193533773.jpg
Mark,Saunders,524949241,Mark_Saunders1756@sheye.org,iblMHKQqx7RkjqzmSTZx,1614193533773.jpg
Penelope,Savage,214264256,Penelope_Savage6168@infotech44.tech,kRvKPLW42gNWSLXclYkJ,1614193533773.jpg
Helen,Oldfield,271903303,Helen_Oldfield7964@jiman.org,u0kKi9YiLGr2MYhoBeX9,1614193533773.jpg
Carter,Roth,434865971,Carter_Roth2555@brety.org,osVGUL8QNJKgDloz2J40,1614193533773.jpg
Blake,Jeffery,180025008,Blake_Jeffery7986@twace.org,3Sh5fPzQBOac9eXDFKSM,1614193533773.jpg
Anabel,Morgan,36147627,Anabel_Morgan7825@gompie.com,MMN2tjyoL4MMAXplsgI6,1614193533773.jpg
Kamila,Cassidy,210941158,Kamila_Cassidy1572@deavo.com,1Dta5hwyH9ar11BgOAsA,1614193533773.jpg
Maya,York,64214371,Maya_York4359@corti.com,I2aheLb7p1g7h2xUop9a,1614193533773.jpg
Nina,Harrington,251637921,Nina_Harrington7641@grannar.com,PhypK5vuFugIkkRuvLw5,1614193533773.jpg
Caitlyn,Vass,200455585,Caitlyn_Vass8038@gompie.com,TUvLdZEpDJklKWYlYn1l,1614193533773.jpg
Noemi,Freeburn,514044206,Noemi_Freeburn1289@dionrab.com,8ux2wqbJ1Cd8KYB8yPDZ,1614193533773.jpg
Margaret,Reid,741348786,Margaret_Reid8384@zorer.org,qtEWuR993KNGDoeUIDC4,1614193533773.jpg
David,Cunningham,798868300,David_Cunningham1313@kideod.biz,3b6BE4aR8s24ha7jhQOS,1614193533773.jpg
Jack,Silva,803760793,Jack_Silva2569@extex.org,ybHmvcCbtHo7QgecRIvF,1614193533773.jpg
Lindsay,Porter,911231946,Lindsay_Porter1188@fuliss.net,MqlSzCWa5HfjxhM4LMev,1614193533773.jpg
Celina,Casey,959764390,Celina_Casey8739@tonsy.org,JfQQhS9KHa8ii3HA2nan,1614193533773.jpg
Sebastian,Stuart,207990049,Sebastian_Stuart5@nickia.com,ttp6wtHsxHPKTRh4CDQ1,1614193533773.jpg
Chuck,Samuel,112338058,Chuck_Samuel3941@brety.org,nUJPGrMwfoeu20ju5jhD,1614193533773.jpg
Elly,Curtis,911715235,Elly_Curtis6289@vetan.org,IoSh8MtxXMig48ayAOmf,1614193533773.jpg
Jayden,Rehman,325633569,Jayden_Rehman9383@cispeto.com,9bByMIPG64m5PD8028lc,1614193533773.jpg
Julian,Lane,524118710,Julian_Lane3548@liret.org,EtT4YwH0hGFqUX9Qvfc9,1614193533773.jpg
Louise,Malone,263269822,Louise_Malone970@fuliss.net,WvB99WQjCo7e2IuHNDyX,1614193533773.jpg
Eduardo,Smith,738499332,Eduardo_Smith2264@atink.com,ack8vCv22IoOmvvadRv0,1614193533773.jpg
Priscilla,Needham,541463112,Priscilla_Needham7790@jiman.org,xmwRcXinEncTSLgbjDMe,1614193533773.jpg
Jamie,Victor,925151471,Jamie_Victor8623@supunk.biz,qj3p5MSbVeAtiM7TX1aD,1614193533773.jpg
Eduardo,Rehman,244996228,Eduardo_Rehman1632@iatim.tech,jrPSZsHIuRCZa11uxpfS,1614193533773.jpg
Louise,Swift,78175350,Louise_Swift8961@joiniaa.com,laov6JOEi0pxxlamgLY9,1614193533773.jpg
Matt,Nicolas,20748589,Matt_Nicolas6634@sveldo.biz,K46cUXxFQK2KM9ikVoGz,1614193533773.jpg
Cassidy,Jenkin,826960516,Cassidy_Jenkin8741@cispeto.com,31NLfw9JjlQsBPpoiHkz,1614193533773.jpg
Bryon,Stewart,13071380,Bryon_Stewart5232@nimogy.biz,zEzPkoK5AeMsNBUjFNpy,1614193533773.jpg
Irene,Coll,668058322,Irene_Coll4114@qater.org,IQtE5rEfl925F7L5OK0t,1614193533773.jpg
Gabriel,Button,163835589,Gabriel_Button4901@twipet.com,Ho4Um7LNIIMphrOHjjko,1614193533773.jpg
Nina,Edwards,630214613,Nina_Edwards3331@bulaffy.com,5OFJ9wZP2jSHgWwtURAs,1614193533773.jpg
Alexander,Lewis,334114634,Alexander_Lewis2627@iatim.tech,2xu04STUT0j1kGCFIv3W,1614193533773.jpg
Nancy,Locke,362245156,Nancy_Locke788@naiker.biz,fnwx9yo0L5pnnW748YvH,1614193533773.jpg
Rosalee,Wellington,116211971,Rosalee_Wellington2635@grannar.com,MHnhFaP88ihUNhYf8qgb,1614193533773.jpg
Mark,Mooney,873579480,Mark_Mooney9849@joiniaa.com,HpfRSKHdJ9m95Cz3aviq,1614193533773.jpg
Mya,Wright,454936144,Mya_Wright946@twace.org,5xMqJ9bazUZsHexYjDLJ,1614193533773.jpg
Lindsay,Utterson,399217394,Lindsay_Utterson5208@deons.tech,I3d5jQaORGOYyCPBvyKD,1614193533773.jpg
Alexa,West,457685195,Alexa_West3004@sheye.org,vAjTuVZu0Nu0IXL4VBnx,1614193533773.jpg
Greta,Mullins,913794563,Greta_Mullins2611@infotech44.tech,o2NPTRLM627mwf4ywoDw,1614193533773.jpg
Julius,Welsch,31401820,Julius_Welsch9037@gompie.com,LcgmIwPtVi9foIE7PLVt,1614193533773.jpg
Boris,Emmott,349867261,Boris_Emmott2315@atink.com,X6QGjwUM7h1VB92cKLX8,1614193533773.jpg
Martin,Radley,500640796,Martin_Radley9430@bauros.biz,wFk5VlGgsKmXL1SuYwKy,1614193533773.jpg
Ilona,Grey,686058654,Ilona_Grey771@nanoff.biz,N60KV0ppFJyveaDHL40L,1614193533773.jpg
Michaela,Hamilton,705481500,Michaela_Hamilton1809@fuliss.net,2Eys3CFdtirRZVaV3J8V,1614193533773.jpg
Rosalie,Vinton,542643901,Rosalie_Vinton5734@irrepsy.com,yGpY1K6PCPbJMpPzxRIa,1614193533773.jpg
Charlize,Neville,573288832,Charlize_Neville2393@qater.org,hsNWx2iVMkIgkQXqTGJB,1614193533773.jpg
Bob,Davies,707942758,Bob_Davies1741@nimogy.biz,4HGmrUJGzbbf2WxADfLH,1614193533773.jpg
Rick,Mcnally,542285069,Rick_Mcnally4979@ubusive.com,kJl2v25LbGSzeXcR6jHW,1614193533773.jpg
Johnathan,Whitehouse,686084741,Johnathan_Whitehouse4699@cispeto.com,DV9dQpOg2h46gqp3o4ZP,1614193533773.jpg
Jane,Janes,590584086,Jane_Janes5468@joiniaa.com,uAe60FlDSuTdnCzMAZ50,1614193533773.jpg
Rick,Andrews,793424020,Rick_Andrews549@extex.org,rY5jOipkCvRKSL9Ibr20,1614193533773.jpg
Remy,Whitmore,334650850,Remy_Whitmore498@hourpy.biz,aGUoZzWOWWqtqTI5mlfY,1614193533773.jpg
Peter,Evans,535098946,Peter_Evans2240@twace.org,mPvlscBC5OUDTdH7fxaS,1614193533773.jpg
Natalie,Quinton,479838707,Natalie_Quinton9712@famism.biz,PqkD8O8WMy2CPL0aMSnp,1614193533773.jpg
Stephanie,Waterson,182463546,Stephanie_Waterson1240@extex.org,AYMeoedUv8Gj5tmdwZ59,1614193533773.jpg
Joseph,Amstead,35860153,Joseph_Amstead9523@jiman.org,1exjHq5nyibQxN6P0LhX,1614193533773.jpg
Priscilla,Selby,974139200,Priscilla_Selby1525@naiker.biz,vjXOC59F99tCZPM3uzaV,1614193533773.jpg
Jules,Tennant,714755153,Jules_Tennant7562@cispeto.com,eSAUhfO4dGc5M0lBVpdh,1614193533773.jpg
Mabel,Cooper,609449168,Mabel_Cooper1043@extex.org,FjnieSBQhETYFLvkRZNh,1614193533773.jpg
Paula,Woodley,666545912,Paula_Woodley4436@bulaffy.com,yJO0dQ5qQMKECxNOK8Hj,1614193533773.jpg
Ethan,Emerson,296536103,Ethan_Emerson8059@famism.biz,qC4l5pdKXNaLRBkmp6Ca,1614193533773.jpg
Kimberly,Pitt,86744875,Kimberly_Pitt6669@tonsy.org,cjmPQ5mfAUXelsDyzz6u,1614193533773.jpg
Abdul,Hewitt,949153383,Abdul_Hewitt7132@grannar.com,RrTRDSa4EtlBtVyrfpht,1614193533773.jpg
Rufus,Lindop,869686897,Rufus_Lindop5855@gembat.biz,2nkT8LHppCiQ0HmwUcrz,1614193533773.jpg
Manuel,Russell,740474818,Manuel_Russell118@elnee.tech,oQW3jw2C5IWHCJGBC0Sh,1614193533773.jpg
Domenic,Dixon,488149442,Domenic_Dixon4610@gembat.biz,3Eu3TX1BOnaYUdsQg2aW,1614193533773.jpg
Sasha,Quinn,440547088,Sasha_Quinn3580@sveldo.biz,2jgKob6YlPxF7nXnuThN,1614193533773.jpg
Brad,Hamilton,963395439,Brad_Hamilton4961@vetan.org,d7f2flNl8Wx2giHmgipC,1614193533773.jpg
Mabel,Potter,939991255,Mabel_Potter3829@bungar.biz,AcCHsSjiI8aKKggjLjej,1614193533773.jpg
Domenic,Rigg,312358216,Domenic_Rigg2401@nanoff.biz,kGyzVVjzh6rahOZmot2h,1614193533773.jpg
Ellen,Corbett,817772189,Ellen_Corbett9544@sveldo.biz,w0OIgHuDJ6gBQ8BlA91O,1614193533773.jpg
David,Hopkinson,751051058,David_Hopkinson4367@supunk.biz,g2tkIRGiKr2dVDkqYdqI,1614193533773.jpg
Hayden,Talbot,124185336,Hayden_Talbot7109@twipet.com,AyKgo1ruFMX5Gmtpjm20,1614193533773.jpg
Candice,Smith,696778694,Candice_Smith6813@infotech44.tech,6nVKQsvC1Ph0tn4Ffd0q,1614193533773.jpg
Crystal,Rehman,911028138,Crystal_Rehman8051@gmail.com,GsMCboTST4xjybBu1aW4,1614193533773.jpg
Javier,Mason,970809720,Javier_Mason5672@yahoo.com,DHO6pOMb465zPYr6gOcZ,1614193533773.jpg
Mason,Allen,597105685,Mason_Allen3564@supunk.biz,RUW7vrjT2kUIwlzYlokR,1614193533773.jpg
Barry,Price,420859381,Barry_Price7887@ovock.tech,nfRi4mwPbFDHIeyEu7Ky,1614193533773.jpg
Kimberly,Huggins,134518432,Kimberly_Huggins7954@acrit.org,IM4Mb4B4q01G4rdvZJvi,1614193533773.jpg
Daron,Davies,882809473,Daron_Davies5517@sveldo.biz,NwM6GMXQQfocEUAziBoV,1614193533773.jpg
Caitlyn,Upton,320362696,Caitlyn_Upton5804@twipet.com,c1gENg6ZBYLryHiju2Wx,1614193533773.jpg
Aeris,Ogilvy,824877609,Aeris_Ogilvy3793@ovock.tech,6M2Pp9bYH6ALGDfWXrrQ,1614193533773.jpg
Sabina,Briggs,61781539,Sabina_Briggs4931@yahoo.com,hvIh3cjxgLh4CEokDzun,1614193533773.jpg
Ronald,Knight,696966617,Ronald_Knight157@deons.tech,tlJajB8ew7hpY1YhEbgx,1614193533773.jpg
Lindsay,Ross,810081163,Lindsay_Ross471@eirey.tech,ymnasShHV57TPH0y9VXU,1614193533773.jpg
Marina,Willis,313178387,Marina_Willis7149@twipet.com,Ukr4bwPKXvVzlnR4nUra,1614193533773.jpg
Adela,Oliver,513743862,Adela_Oliver6564@typill.biz,QL0E8YsHp2byj8PC1LPm,1614193533773.jpg
Eduardo,Spencer,244446401,Eduardo_Spencer1870@zorer.org,p9uaRfCPvny3t5nUFl2G,1614193533773.jpg
Shay,Mackenzie,725541012,Shay_Mackenzie4303@nimogy.biz,OYGuxhCbgjsHx12eAB9k,1614193533773.jpg
Peyton,Oliver,361815878,Peyton_Oliver2357@fuliss.net,oHLMw6HJ55j94YcAqufw,1614193533773.jpg
John,Asher,394486413,John_Asher5023@famism.biz,Y5BFRz8KGRSrOn3XJxrt,1614193533773.jpg
Erica,Lucas,479054323,Erica_Lucas6140@famism.biz,OxgFTL9YS7j92nJ2IidO,1614193533773.jpg
Mason,Verdon,570520923,Mason_Verdon3624@supunk.biz,J0ESMkQpg8rnihcju7t4,1614193533773.jpg
Marie,Tate,710146951,Marie_Tate2834@dionrab.com,EihVKzar7ZdhjamIaWAI,1614193533773.jpg
Vicky,Garcia,956260450,Vicky_Garcia9899@iatim.tech,cAE6XTSJVs4MT9vLzjWg,1614193533773.jpg
Ada,Reyes,558415502,Ada_Reyes8144@jiman.org,fxNiB588MYpf48RIHgHF,1614193533773.jpg
Fiona,Coates,108926239,Fiona_Coates8998@bungar.biz,WteTMO9qO8yj3aBQgHpF,1614193533773.jpg
Bob,Cassidy,805524754,Bob_Cassidy1147@vetan.org,a922LGxao74tcM1zvqMk,1614193533773.jpg
Julian,Emerson,793787561,Julian_Emerson7019@mafthy.com,mgZXflwK59LLJoYsfFLk,1614193533773.jpg
Barney,Edwards,729489191,Barney_Edwards1697@tonsy.org,OfbemC0WLVE3PJYgCqMS,1614193533773.jpg
Davina,Snow,328960836,Davina_Snow736@atink.com,5qjzegPuEKc23JAQRHZd,1614193533773.jpg
David,Powell,605612479,David_Powell344@bulaffy.com,BK9GKF7U683EgA0zr7xj,1614193533773.jpg
Jayden,Stuart,833174483,Jayden_Stuart5712@twipet.com,DksGNrOO1QtwAnRtrJg2,1614193533773.jpg
Beatrice,Shepherd,620290186,Beatrice_Shepherd4489@sveldo.biz,Vi6WRLXTPDLh1Z9SNGoG,1614193533773.jpg
Mya,Ralph,511251343,Mya_Ralph1827@iatim.tech,zI9pkigRvENNUUNmXbLo,1614193533773.jpg
Matthew,Bolton,860396132,Matthew_Bolton3047@acrit.org,LJWyu4Iqc7nKt1uF0IWO,1614193533773.jpg
Alessandra,Gibson,202878004,Alessandra_Gibson2158@liret.org,Qoqrlw5IcmvFJ8c4vKlf,1614193533773.jpg
Russel,Baker,746190126,Russel_Baker3540@typill.biz,okmG3G8H4v6nNzcxD6Vx,1614193533773.jpg
Judith,Kaur,83054715,Judith_Kaur4266@gompie.com,u4EDYpo6TFeexkuyKipU,1614193533773.jpg
Mark,Silva,962264188,Mark_Silva6813@joiniaa.com,SC9NTqIqOrg15pgbuHX9,1614193533773.jpg
Bethany,Swan,929767915,Bethany_Swan4828@gmail.com,4WTakeNCYAA1UqkXtDt6,1614193533773.jpg
Ramon,Ballard,897296297,Ramon_Ballard3697@hourpy.biz,Djth5QotsScZJx85eZDv,1614193533773.jpg
Clarissa,Marshall,955999119,Clarissa_Marshall7509@acrit.org,kAkbbrpKsGEh9a0OSwxj,1614193533773.jpg
Sharon,Keys,527655601,Sharon_Keys484@corti.com,EjbrcJk51G7TgHbXoDY7,1614193533773.jpg
Sloane,Parker,100376413,Sloane_Parker8872@guentu.biz,IoPDN69XCL6WQXWwkWyj,1614193533773.jpg
Manuel,Moreno,380972331,Manuel_Moreno2127@deons.tech,3BWv0PpGk22qS2SRI10I,1614193533773.jpg
Boris,Pond,820393424,Boris_Pond9596@bauros.biz,7VJy4smmNG6lTRyJNhyF,1614193533773.jpg
Noah,Oakley,465954056,Noah_Oakley4597@eirey.tech,ZWNAhuzXQDYQQYaDkqVo,1614193533773.jpg
Lexi,Dixon,274795386,Lexi_Dixon4319@twipet.com,zyRcnIvlijJyLCkKm6jO,1614193533773.jpg
Chester,Lee,457875518,Chester_Lee6275@ubusive.com,Qu0LUebmjxU8vHOpLzzT,1614193533773.jpg
Sebastian,Walton,284160627,Sebastian_Walton9935@sveldo.biz,Xf3elPZ6zQU9QKTB4iMN,1614193533773.jpg
Hayden,Bloom,211594845,Hayden_Bloom1602@yahoo.com,hazYktFWJC3osVGfZqUk,1614193533773.jpg
Oliver,Eaton,54492553,Oliver_Eaton7477@vetan.org,Xjr2RvRpmtuzWT353wo8,1614193533773.jpg
Mike,Glynn,342387403,Mike_Glynn7725@nimogy.biz,NYNvf83xHuz6ss5keWGk,1614193533773.jpg
Stephanie,Chadwick,316473108,Stephanie_Chadwick1656@nanoff.biz,kdl1JAov0hpIQ0nbX4kU,1614193533773.jpg
David,Sinclair,536952554,David_Sinclair2681@guentu.biz,WfX5iRpHCp1pN4Oe7ElQ,1614193533773.jpg
Noah,Partridge,118711792,Noah_Partridge6640@ubusive.com,KIi7Zg36c8fyzkwcCQPN,1614193533773.jpg
Hank,Terry,130986509,Hank_Terry6660@sheye.org,Q5kssP6aO05T1o19BbSn,1614193533773.jpg
Britney,Nelson,130267257,Britney_Nelson7827@vetan.org,Ex5sAsQzpioXsDZJZd6G,1614193533773.jpg
David,Nash,882800319,David_Nash7915@atink.com,Et4zFTqWmCw1ZhX8PC51,1614193533773.jpg
Barry,Mould,471823401,Barry_Mould5921@extex.org,jfHI0B6Vy1tAyYZ10bOG,1614193533773.jpg
Abdul,Stewart,487329539,Abdul_Stewart6085@acrit.org,khI6Kll9oM8oPDhyznge,1614193533773.jpg
Jolene,White,605591842,Jolene_White9672@deavo.com,Ug01zGzYxO2eSbwoMg8c,1614193533773.jpg
Mike,Johnson,689789557,Mike_Johnson9009@liret.org,1Tp60AXU3Q9AP29iTK7m,1614193533773.jpg
Mya,Whitmore,985459198,Mya_Whitmore8228@bauros.biz,nSIa5DNYiMIBZyuIhqHG,1614193533773.jpg
David,Mackenzie,40069767,David_Mackenzie7168@jiman.org,eDuDKsZZvpSdOp2gUGso,1614193533773.jpg
Denis,Dixon,111053045,Denis_Dixon7646@nimogy.biz,WmNyvAquHwR3jPCoSoSd,1614193533773.jpg
Lindsay,Wild,11329070,Lindsay_Wild2061@grannar.com,DzyFKgR75IkTjTFbuNmN,1614193533773.jpg
Irene,Pickard,981433331,Irene_Pickard3396@nimogy.biz,W5iedfy4Hr125NKKxzue,1614193533773.jpg
Remy,Mcguire,119117375,Remy_Mcguire2995@twace.org,jQM4P8dYxBTJr6nj1bMV,1614193533773.jpg
Oliver,Whitehouse,962943016,Oliver_Whitehouse2200@bretoux.com,J7794sdu745a8fR8vPr5,1614193533773.jpg
Doug,Rehman,459063735,Doug_Rehman5088@womeona.net,D3GmCP7KyH7DfgPLMfdX,1614193533773.jpg
Martin,Hope,921980047,Martin_Hope3291@deavo.com,6GSo287o936CrV0ajKSU,1614193533773.jpg
Vanessa,Owen,482727389,Vanessa_Owen448@womeona.net,Wm5h5Cn3nUYKHLLsGylU,1614193533773.jpg
Harry,Stone,70031541,Harry_Stone5546@bulaffy.com,VuHEXUt9bBMkZ6Yv119A,1614193533773.jpg
Manuel,Connell,863671834,Manuel_Connell4668@ovock.tech,MgBIh786V9EPo38eQPlZ,1614193533773.jpg
Elijah,Gardner,527014234,Elijah_Gardner9501@grannar.com,6OJcpR25EhK1oX4A4fL9,1614193533773.jpg
Carl,Holt,458423745,Carl_Holt1071@corti.com,M2rrE3OcQm3N5sDy5rVK,1614193533773.jpg
Barry,Calderwood,79244175,Barry_Calderwood5425@atink.com,sXgc7CwZINBm1ni9DnJ4,1614193533773.jpg
Roger,Archer,584593165,Roger_Archer2108@grannar.com,GwPRmPPE3GagOyhnb6PY,1614193533773.jpg
Caleb,Addley,996634290,Caleb_Addley5698@jiman.org,5bVtPB6D9LgYK2KkXPsW,1614193533773.jpg
Bryon,Uttridge,910847133,Bryon_Uttridge1262@liret.org,biDjjK7OfBYVOMClzblB,1614193533773.jpg
Julian,Saunders,296286463,Julian_Saunders5578@qater.org,yLLZuwnz9FIj2l3sjvAt,1614193533773.jpg
Maria,Tindall,230483254,Maria_Tindall4145@zorer.org,9o3R1jUnTXQttit6X793,1614193533773.jpg
Chelsea,Antcliff,102352492,Chelsea_Antcliff938@supunk.biz,zsces4ASrka9L70jPxLd,1614193533773.jpg
Dorothy,Roscoe,150141981,Dorothy_Roscoe5214@bauros.biz,ymFd2FGlk24ATDWm9T88,1614193533773.jpg
Britney,Townend,855951704,Britney_Townend8450@nickia.com,QVNmZLfLpDhepYnq9OnM,1614193533773.jpg
Luke,Villiger,989044499,Luke_Villiger5941@womeona.net,eHMYg7uVtyCIMQU07OC3,1614193533773.jpg
Priscilla,Clark,170038171,Priscilla_Clark9333@gompie.com,BHIIveuU4gvg7OpfUBd7,1614193533773.jpg
Hank,Mccall,964636961,Hank_Mccall7913@mafthy.com,oHGEvFeJAC3W3HVzDKVL,1614193533773.jpg
Barney,Rosenbloom,50452296,Barney_Rosenbloom2407@zorer.org,rtofDZZckkjFzb8iiEz3,1614193533773.jpg
Mark,Coleman,161774104,Mark_Coleman26@qater.org,RQTrnHAqy0zkrVoZnefM,1614193533773.jpg
Elle,Campbell,14989960,Elle_Campbell9915@naiker.biz,WySoxy3MPFjIwfmSISs0,1614193533773.jpg
Clarissa,Benson,842804271,Clarissa_Benson1670@deons.tech,p1udErQ1ZpImS9Mgxcdr,1614193533773.jpg
Alan,Hill,925743335,Alan_Hill6808@acrit.org,1pESi8nw3npezbcbczxs,1614193533773.jpg
Danny,Styles,609284880,Danny_Styles9808@bretoux.com,BQI9z9gfnEXGSnGJGcUP,1614193533773.jpg
Isla,Giles,338334552,Isla_Giles7792@zorer.org,Nm0LwLVSO1oMEyqUwxN7,1614193533773.jpg
Rick,Roman,855938490,Rick_Roman6876@hourpy.biz,3DqVG1khvXLl6RSkC9e7,1614193533773.jpg
Alexia,Faulkner,650074807,Alexia_Faulkner9582@ubusive.com,4dYfdsR1bPcZ9uKsKCXv,1614193533773.jpg
Ryan,Dwyer,576405939,Ryan_Dwyer5085@extex.org,0eXxZq0wGlDQnNhVWy9e,1614193533773.jpg
Harry,Stewart,336850432,Harry_Stewart2637@joiniaa.com,lhlMNWDxGN4MKUvQtDhA,1614193533773.jpg
Harry,Lindsay,423553407,Harry_Lindsay955@qater.org,rPCuK7siE3KlqlqAdLGW,1614193533773.jpg
Valentina,Wilcox,989478629,Valentina_Wilcox7955@yahoo.com,CYFuRcpBY1f6DJgmZC6J,1614193533773.jpg
William,Chappell,718395478,William_Chappell4118@bulaffy.com,CKJ6PYKrteiR00KAAWUX,1614193533773.jpg
Piper,Ellis,108771223,Piper_Ellis9898@liret.org,RcxtMZwxhz7QgT5I1D6A,1614193533773.jpg
Jayden,Kelly,822970481,Jayden_Kelly5211@mafthy.com,8CaZt5mIxm1iP7x9z8Nl,1614193533773.jpg
Carl,Hood,946591772,Carl_Hood7989@nimogy.biz,svqLPAGdfI9UBhX0JdlD,1614193533773.jpg
Keira,Roman,890337449,Keira_Roman5226@famism.biz,0w546b0BgjHY9HbJLxoM,1614193533773.jpg
Bart,Spencer,666592066,Bart_Spencer9501@nanoff.biz,qIO1cbB6oa0zZCbxHQ7v,1614193533773.jpg
Chadwick,Craig,294822122,Chadwick_Craig6384@elnee.tech,xvNWqCYaAltTRUZT56NB,1614193533773.jpg
Chad,Irwin,833566435,Chad_Irwin4387@deons.tech,CHULQf4Zj4SZSAEW8Y4k,1614193533773.jpg
Jayden,Walsh,334280620,Jayden_Walsh3777@atink.com,xJ2NfzYH12aRLOJuzAxG,1614193533773.jpg
Leroy,Hogg,95475670,Leroy_Hogg164@liret.org,gnVaEgfcDuWjHqshsxMR,1614193533773.jpg
Doris,Gates,729707434,Doris_Gates1385@twace.org,LPZsZA6dfD2KM4zWlmR6,1614193533773.jpg
Tom,Ralph,172491108,Tom_Ralph1566@qater.org,ifq1DBmO5tfeIzqOEPii,1614193533773.jpg
Percy,Butler,806799601,Percy_Butler7639@naiker.biz,3M0hpy9nTVFDqskbT2FQ,1614193533773.jpg
Lynn,Harrington,921467845,Lynn_Harrington5574@brety.org,sHjlBJl8558JO4y1F585,1614193533773.jpg
Sasha,Keys,459146102,Sasha_Keys4011@twace.org,lmbwBLj1ETi7RXQcwHM3,1614193533773.jpg
Martin,Steer,924771764,Martin_Steer5293@elnee.tech,ZcKnvpjPV77Nyxd8ggPk,1614193533773.jpg
Diane,Stuart,18409457,Diane_Stuart8884@bretoux.com,AcqY7atljVHhlIA19Juc,1614193533773.jpg
Daniel,Robertson,547357583,Daniel_Robertson7025@dionrab.com,NRcET8EHLSreFvsGUIq3,1614193533773.jpg
George,Stone,448155297,George_Stone2696@sveldo.biz,TBCsFrfaL1umdsUpfAxN,1614193533773.jpg
Michael,Ward,155482793,Michael_Ward6942@hourpy.biz,dZZegJgZY3MEwShvD3BQ,1614193533773.jpg
Mabel,Powell,194584355,Mabel_Powell4289@bungar.biz,w2n3fvlkoIFg5LJkaNDk,1614193533773.jpg
Vivian,Wilde,799068760,Vivian_Wilde6207@bauros.biz,McTyDA8B0QNbNkyIN0Ru,1614193533773.jpg
Sebastian,Overson,919586114,Sebastian_Overson2300@iatim.tech,3S5yUk9FeOQqwJ97BYkb,1614193533773.jpg
Harry,Carpenter,887449801,Harry_Carpenter2528@iatim.tech,82wT7uh2XLX21G1TLCjr,1614193533773.jpg
Erick,Edwards,81337999,Erick_Edwards4650@liret.org,AUz5TVYJV7A8WvDLXs0t,1614193533773.jpg
Marissa,Selby,589970257,Marissa_Selby3329@womeona.net,w61U6jpysqeQYpjjkPkw,1614193533773.jpg
Chester,Hunter,796300692,Chester_Hunter8656@deons.tech,bBbt324IuRumQJXmUEc1,1614193533773.jpg
Tom,Ellery,212467952,Tom_Ellery5642@atink.com,TpKDkEuDP1Uoybqf4OKu,1614193533773.jpg
Liliana,Garcia,148729269,Liliana_Garcia8258@yahoo.com,DISPlIFvf3ob6h7r6BOj,1614193533773.jpg
Liam,Cann,927209844,Liam_Cann4557@twace.org,pQd4OFHMFYuQ0MPL0Xwd,1614193533773.jpg
Alexander,Rehman,375215268,Alexander_Rehman2099@naiker.biz,stuUHSJiLN5luaxzeGrc,1614193533773.jpg
Owen,Russel,204169432,Owen_Russel8899@gembat.biz,L5RqRei2ASkht0GFYib4,1614193533773.jpg
Josephine,Noach,894397385,Josephine_Noach3295@gmail.com,U3CgGyLv6KYXzB035YV5,1614193533773.jpg
Alexa,Rothwell,875661125,Alexa_Rothwell1517@fuliss.net,RXB6TclY6al8K5SGkJXG,1614193533773.jpg
Angelique,Duvall,685594679,Angelique_Duvall1105@deons.tech,PgO4EuPRUo5WosXOTVzN,1614193533773.jpg
Jayden,Mccormick,405657166,Jayden_Mccormick1716@iatim.tech,tqRCCaMVz91zKcW7Bzta,1614193533773.jpg
Megan,Cox,337877060,Megan_Cox3093@bungar.biz,0K2SArFMuV4COywen6tG,1614193533773.jpg
Vera,Walker,65505923,Vera_Walker5649@cispeto.com,4G0WYNsMo0KEtXRVOyte,1614193533773.jpg
Fiona,Salt,645728722,Fiona_Salt7878@corti.com,WwlUDXpjvsLXzNrpSMj4,1614193533773.jpg
Carissa,Spencer,163991613,Carissa_Spencer8034@famism.biz,zXbzIgKDtPE6oQqPGcgA,1614193533773.jpg
Cameron,Booth,142904160,Cameron_Booth7956@naiker.biz,OGBp8eoMCUgTlezNhSCU,1614193533773.jpg
Johnny,Stone,830276437,Johnny_Stone9015@eirey.tech,XIuZKAEFE12CRvm4VMvs,1614193533773.jpg
Sylvia,Reese,839814133,Sylvia_Reese3018@gompie.com,cv9lLNiUmM8Qymh9Y4Gl,1614193533773.jpg
Carl,Rodwell,562556446,Carl_Rodwell5125@gompie.com,65Z6SrADIRbocJYUnaFm,1614193533773.jpg
Alan,Barclay,675326531,Alan_Barclay3792@famism.biz,Y0Dchozmo3jWGiVsPuiP,1614193533773.jpg
Adeline,Chappell,172779533,Adeline_Chappell1265@muall.tech,8Fvxgv6lbrdZV0v0c3U3,1614193533773.jpg
Russel,Bayliss,110061577,Russel_Bayliss3567@qater.org,HE9oH70zZnSivZJgYpbo,1614193533773.jpg
Marvin,Gilmore,184751058,Marvin_Gilmore4027@brety.org,Ii2UCtQ1RV4w8bI8syPY,1614193533773.jpg
Ron,Truscott,809207724,Ron_Truscott5345@gembat.biz,qRjVi9mNw4gueYMcYEx0,1614193533773.jpg
Summer,Needham,882555404,Summer_Needham2946@bauros.biz,eSlLBra5VTNMdqATYrCy,1614193533773.jpg
Boris,Stanton,604845715,Boris_Stanton8954@infotech44.tech,a0IEUonwxSHqSL4usASD,1614193533773.jpg
Boris,Hunter,614185918,Boris_Hunter3001@hourpy.biz,gtvw4po3OHh2MBEqOgve,1614193533773.jpg
Blake,Thornton,266230824,Blake_Thornton5075@corti.com,bnq1Uvp94GfwxC14WfQa,1614193533773.jpg
Elijah,West,517948295,Elijah_West7436@ovock.tech,MBMjAcnlJAa4gw0OFKHX,1614193533773.jpg
Julia,Uddin,37192372,Julia_Uddin2483@joiniaa.com,MhZv1GTg0wtFhPXMFKUk,1614193533773.jpg
Tara,Robinson,623038592,Tara_Robinson75@cispeto.com,xD9frJ18jfe5YXZ09wvU,1614193533773.jpg
Luke,Campbell,418133062,Luke_Campbell6119@typill.biz,AVdk96wDLHoX0DVY7k32,1614193533773.jpg
Carter,Emmott,942930392,Carter_Emmott4441@gembat.biz,arErWJCbw2Ofc3zFEgJw,1614193533773.jpg
Tyler,Brown,969302304,Tyler_Brown8270@brety.org,CCVrgpPibgvzybJWPG2n,1614193533773.jpg
Chester,Whatson,884895285,Chester_Whatson6083@twace.org,YVSMGkMNhttMQHG2NcFX,1614193533773.jpg
Wade,Fowler,638785888,Wade_Fowler9945@infotech44.tech,RVoN4JmGxMfxC1lKjoMI,1614193533773.jpg
Penelope,Hamilton,603048661,Penelope_Hamilton424@jiman.org,1vCkkEcqam0WNvMLBDKn,1614193533773.jpg
Lucy,Savage,514570831,Lucy_Savage1526@tonsy.org,QsGHS5FExwwGJlUt6haY,1614193533773.jpg
Ryan,Callan,527962804,Ryan_Callan7841@gembat.biz,nkuIpZ6Tdgt4lk3rxjUF,1614193533773.jpg
David,Shea,27921714,David_Shea9698@liret.org,mvySTBuEaej3k6rgntJb,1614193533773.jpg
Enoch,Addis,582756352,Enoch_Addis5071@nickia.com,k9V7kS1YqH8DCj003Oxn,1614193533773.jpg
Greta,Marshall,264364717,Greta_Marshall3770@gompie.com,PZyqe01vIxNR25FntFkA,1614193533773.jpg
Norah,Chadwick,648101469,Norah_Chadwick8772@guentu.biz,OjnP6ZYaJhUo3fBbYKyk,1614193533773.jpg
Willow,Glass,411295717,Willow_Glass1903@yahoo.com,g2IhMxt4FBf6cx3neOD4,1614193533773.jpg
Maggie,Potts,910309789,Maggie_Potts8306@ovock.tech,5WJKLwIMp8onrKViENsP,1614193533773.jpg
Johnny,Bradshaw,89325148,Johnny_Bradshaw8879@deons.tech,oiNeLNnc2w96X6Xl4ERF,1614193533773.jpg
Harmony,Brown,705884608,Harmony_Brown6300@brety.org,lNQ8Gh1SkAuUOHNYHf1b,1614193533773.jpg
Boris,Ripley,483611084,Boris_Ripley2934@gmail.com,zkCY2HCvZfY12c21uwpt,1614193533773.jpg
Matthew,Greenwood,410968827,Matthew_Greenwood2320@bungar.biz,uxzKOPTWbJtN03xF5nJ6,1614193533773.jpg
Chloe,Jenkin,609207396,Chloe_Jenkin430@tonsy.org,OBhda0sHY0mHcb9HbOHC,1614193533773.jpg
Brad,Gallacher,704654005,Brad_Gallacher1253@liret.org,IPrC9PCOS9JhaUO8O0VM,1614193533773.jpg
Andie,Lindsay,979312718,Andie_Lindsay6351@cispeto.com,KCRIFGt7i6S33UZGMsYd,1614193533773.jpg
Rick,Newton,717874255,Rick_Newton9610@supunk.biz,RER9G4GVBgVsCmtiwjKr,1614193533773.jpg
Bob,Ianson,387165262,Bob_Ianson9812@gembat.biz,OJwMcSiYr21wCLou13A3,1614193533773.jpg
Rhea,Baxter,788668795,Rhea_Baxter5611@ovock.tech,rz9ezrTC030N09JJW9nf,1614193533773.jpg
Amelia,Rogers,572767911,Amelia_Rogers1960@grannar.com,abOsxghhnSLJthLKPZRR,1614193533773.jpg
Leanne,Ripley,988279599,Leanne_Ripley9226@sheye.org,3kLOoj7uo4iXTGO98PxB,1614193533773.jpg
John,Simpson,568171669,John_Simpson3246@dionrab.com,rs66LWBQMBzk2utmqm3j,1614193533773.jpg
Julia,Hale,741527224,Julia_Hale5081@deons.tech,t6LKibgDQzGgMQwrcMbG,1614193533773.jpg
Doris,Neville,598082046,Doris_Neville2720@vetan.org,iQ83twShkZeGT2RjJl46,1614193533773.jpg
Gil,Brooks,480106855,Gil_Brooks1172@womeona.net,fztFxL6v6a7brrxdVevM,1614193533773.jpg
Lucas,Holmes,593032716,Lucas_Holmes6125@guentu.biz,Du0Mv4LUm7cNk5XF4Id4,1614193533773.jpg
Hank,Radley,673223325,Hank_Radley130@nimogy.biz,K7nLLibgHTXwpvD2LKLE,1614193533773.jpg
Leroy,Raven,753306475,Leroy_Raven5561@vetan.org,SCpoDHV0CudaMS0462nk,1614193533773.jpg
Clarissa,Adams,825484070,Clarissa_Adams7997@tonsy.org,nWNVybro9h0PwpXdv000,1614193533773.jpg
Kurt,Griffiths,13752638,Kurt_Griffiths6214@joiniaa.com,vbLBXXCZj4vjsz90sNsY,1614193533773.jpg
Caitlyn,Pope,429365399,Caitlyn_Pope9809@womeona.net,VdFVJkdt2tFb2liHLvCz,1614193533773.jpg
Benny,Hewitt,696738594,Benny_Hewitt9231@ubusive.com,bpC1sgGIDk39F1qwaYay,1614193533773.jpg
Daria,Lyon,918411798,Daria_Lyon8136@ovock.tech,CRR6PL4ki2V2BuLLhHCv,1614193533773.jpg
Anthony,Attwood,576213398,Anthony_Attwood9739@eirey.tech,Eh3bnfGK1UykhIUEAs7A,1614193533773.jpg
Luke,Kidd,139729455,Luke_Kidd1505@ubusive.com,kryLilwgwukT9ExpsvRT,1614193533773.jpg
Chad,Greenwood,924759213,Chad_Greenwood8366@ovock.tech,4VfNFKJjh24HYQHJC3Vm,1614193533773.jpg
Mavis,Franks,455190332,Mavis_Franks3188@atink.com,gWAx4EgTVQrDiyuJ7E36,1614193533773.jpg
Bob,Ripley,939301849,Bob_Ripley6616@brety.org,wX1y739RHVUYHwR93EIL,1614193533773.jpg
Catherine,Oatway,487476131,Catherine_Oatway5907@sheye.org,jdmWhn4D0cs49hDIdXNL,1614193533773.jpg
Tony,Adler,88578046,Tony_Adler3296@sveldo.biz,dhm5kIE3MzW4Y9oayhBa,1614193533773.jpg
Karen,Hunter,117682275,Karen_Hunter7268@supunk.biz,fHlA7sJAQ3WFFGkjzfMM,1614193533773.jpg
Liliana,Eaton,933319545,Liliana_Eaton7151@muall.tech,52xIVHykfwz9oxi3lpRS,1614193533773.jpg
Madison,Gilmore,621162806,Madison_Gilmore9057@gompie.com,1cKlNzb6UB2qETALgKOv,1614193533773.jpg
Cameron,Holmes,49359351,Cameron_Holmes8802@sheye.org,84FrPtSI6ItbB5RQrIsb,1614193533773.jpg
Aileen,Wright,288046032,Aileen_Wright1748@sveldo.biz,IA0zu1gomaJp3jR8RxgI,1614193533773.jpg
Josh,Lee,68655730,Josh_Lee1130@muall.tech,iFnPdjKwAo2lBA7PvwsF,1614193533773.jpg
Callie,Williams,517297967,Callie_Williams4035@twipet.com,idV52hgJlhwkRldNjH0K,1614193533773.jpg
Barney,Ulyatt,897258030,Barney_Ulyatt5370@naiker.biz,ixoc1uj3Gv2WASpclbYF,1614193533773.jpg
Gemma,Coleman,15264240,Gemma_Coleman6976@nickia.com,WWXQuaJGl4vow9S9snvM,1614193533773.jpg
Ramon,Cooper,861343780,Ramon_Cooper3712@irrepsy.com,ox2pr2AM0t1IVS1XVg3Q,1614193533773.jpg
Kieth,Ulyatt,994858810,Kieth_Ulyatt9319@bauros.biz,qzqviySEQP0bi3Jp53u7,1614193533773.jpg
David,Todd,339239664,David_Todd1800@eirey.tech,pdEDYEtBarc7C6mjXWkT,1614193533773.jpg
Martin,Wise,163606631,Martin_Wise4980@qater.org,4AQzvvMagq3ddX3Cp4ig,1614193533773.jpg
Maddison,Lynch,101794819,Maddison_Lynch6506@ubusive.com,l9v2efNOYZ73RRby0KLa,1614193533773.jpg
Nate,Carson,606820514,Nate_Carson4044@cispeto.com,hh7wtSomO5AXcXPQIJd8,1614193533773.jpg
Cedrick,Glass,506881865,Cedrick_Glass1494@gembat.biz,Yk8Xyah8NigX3lUndcng,1614193533773.jpg
Nate,Gilbert,829212019,Nate_Gilbert9622@atink.com,vLAMaOoNoeJTOQjDYIap,1614193533773.jpg
Alexander,Greenwood,515554288,Alexander_Greenwood4280@elnee.tech,5dfIibBk6x1BlkM6gew9,1614193533773.jpg
Fred,Gordon,482139648,Fred_Gordon2441@atink.com,8i7b3w2jCKmS8k7MoC3Z,1614193533773.jpg
David,Norburn,677251706,David_Norburn6160@womeona.net,OxAz1INeRbZk7EH2BRyW,1614193533773.jpg
Harry,Zaoui,351595180,Harry_Zaoui6796@grannar.com,gEeTsyKB2eSdlwPnVpJT,1614193533773.jpg
Bethany,Thorne,891114570,Bethany_Thorne724@fuliss.net,35eUxMnHnpB4ooamUkPr,1614193533773.jpg
Wendy,Clarke,412242962,Wendy_Clarke7173@fuliss.net,pMZo5dsN2hSS2jH3HFmx,1614193533773.jpg
Gabriel,Terry,446889616,Gabriel_Terry9127@guentu.biz,iYvK0COit9qvqCanF8uC,1614193533773.jpg
Noah,Jenkin,737207106,Noah_Jenkin2298@nimogy.biz,n39DND7Y0bxvDUhoDB6J,1614193533773.jpg
Brad,Oldfield,427037686,Brad_Oldfield7628@womeona.net,0tvJWlhFYXDByyLXnjSq,1614193533773.jpg
Sabrina,Weldon,986330379,Sabrina_Weldon3897@deons.tech,Zjpe4nG8dVpOMniyBvvR,1614193533773.jpg
Domenic,Martin,862568222,Domenic_Martin9339@naiker.biz,BQgCrKHXxIUSlt6BXxiH,1614193533773.jpg
Chester,Norton,621928277,Chester_Norton3290@ubusive.com,xEY4LMSizs4cr3b1q4sW,1614193533773.jpg
Abdul,Mcnally,529666624,Abdul_Mcnally7105@twipet.com,IDz6dVuHIICofpoC32M3,1614193533773.jpg
Bryon,Murphy,125517271,Bryon_Murphy6900@famism.biz,EuTB7jNg3X6IHokx4rQa,1614193533773.jpg
Brad,Jackson,36851060,Brad_Jackson6170@hourpy.biz,QswpJVkZRaOXWJtyaRZI,1614193533773.jpg
Peter,Nash,525208871,Peter_Nash6924@yahoo.com,L6OiCfNCJJqxqfIxKQ8H,1614193533773.jpg
Aiden,Henderson,493185732,Aiden_Henderson2450@sveldo.biz,a3gpv1WBGGV45xBqluT5,1614193533773.jpg
Camellia,Vaughn,434294288,Camellia_Vaughn4115@kideod.biz,mzxfLRM6f7CFJDB60FPS,1614193533773.jpg
Kenzie,Osmond,436495074,Kenzie_Osmond2424@deons.tech,k4axHXgW3CzgzKhdWWQG,1614193533773.jpg
Abdul,Ralph,873315143,Abdul_Ralph3451@typill.biz,XackN87yF5CJKJUzuibT,1614193533773.jpg
Jane,Butler,965665274,Jane_Butler2600@womeona.net,oc31KOvPAJU7pOBf3eUr,1614193533773.jpg
Aiden,Clifford,410545014,Aiden_Clifford9850@sveldo.biz,iDG10mzR7lWtFDOKQe2D,1614193533773.jpg
Chester,Willson,439725349,Chester_Willson3474@deavo.com,GovA1wqe51VC9snYzpfJ,1614193533773.jpg
Mark,Hood,494803719,Mark_Hood6326@nanoff.biz,M61UpjGxJGUA6LRyvQWr,1614193533773.jpg
Julius,Andrews,256579936,Julius_Andrews5845@famism.biz,AT9gKCSSl3OEvSSggmtn,1614193533773.jpg
Alison,Eagle,994223126,Alison_Eagle8638@gompie.com,MJW5kwGEudGsugn6G9ol,1614193533773.jpg
Tiffany,Barclay,830267939,Tiffany_Barclay9827@acrit.org,bjs4FIrxfknYHnjkdh6P,1614193533773.jpg
Elisabeth,Burnley,390752439,Elisabeth_Burnley7373@famism.biz,HbVsacx5M7S778TM3UKC,1614193533773.jpg
Lucy,Olivier,23846067,Lucy_Olivier6747@acrit.org,6ufN1IGpja7KxvG9yUCE,1614193533773.jpg
William,Wills,117980784,William_Wills7437@deons.tech,oiwbfHoSjD34dRa3TYdw,1614193533773.jpg
Danielle,Benfield,33834446,Danielle_Benfield5011@bretoux.com,qSYQ6ZMBM26hP8aBzu6L,1614193533773.jpg
Russel,Thompson,141325676,Russel_Thompson1760@brety.org,YKl36mNZqGo7298OjQFN,1614193533773.jpg
Sharon,Stone,634989578,Sharon_Stone2093@guentu.biz,coBvlocSNBF0PNgLY8qC,1614193533773.jpg
Denis,Turner,450923569,Denis_Turner6273@bulaffy.com,JvcWzWXSLPDDmUMmAkIr,1614193533773.jpg
Michael,West,803240734,Michael_West7914@naiker.biz,fxt4vaPDzatSFRElNojB,1614193533773.jpg
Vicky,Weasley,198019284,Vicky_Weasley2991@nanoff.biz,23XwwdhwzCo0T6KmThll,1614193533773.jpg
Wade,Wilson,41038708,Wade_Wilson6526@guentu.biz,Fb3cIn6LZl6G0pSomVH2,1614193533773.jpg
Mabel,Thorne,327065441,Mabel_Thorne9200@sheye.org,1oYEH5dOFThDUskLrjhX,1614193533773.jpg
Elijah,Robinson,331096319,Elijah_Robinson8246@womeona.net,OlUMFojFWTwKSfeoPEPk,1614193533773.jpg
Carl,Bell,714669063,Carl_Bell708@guentu.biz,UvsqvNEvE9x2DwoGimIM,1614193533773.jpg
Ruth,Hunt,293987753,Ruth_Hunt7559@yahoo.com,jr2puzatlYQqql5vca5t,1614193533773.jpg
Renee,Henderson,949010762,Renee_Henderson7543@typill.biz,6toBO25rSrtbWNuAX546,1614193533773.jpg
Benjamin,Mitchell,958558200,Benjamin_Mitchell5014@bretoux.com,FtOkFbH6NChT2CyTtqg5,1614193533773.jpg
Benny,Adams,401606560,Benny_Adams599@eirey.tech,migllssosRI54nLgw0h0,1614193533773.jpg
Leroy,Andrews,632761819,Leroy_Andrews1603@sheye.org,dt9XRocygkYJmLfWJ3c0,1614193533773.jpg
Hope,Lynn,543747623,Hope_Lynn1609@mafthy.com,jmjAgqUpvIHwZxbCTbNq,1614193533773.jpg
Elijah,Greenwood,215052368,Elijah_Greenwood1040@ubusive.com,Zm1lgaxR66LDDfLX7W4M,1614193533773.jpg
Mayleen,Thomas,864215027,Mayleen_Thomas6010@zorer.org,aHIQwjXVw4WYyYzruAAo,1614193533773.jpg
Logan,Lunt,805288315,Logan_Lunt1379@ovock.tech,pS8MTOkq8NrTTFf0KUI0,1614193533773.jpg
Gwen,Nelson,822103176,Gwen_Nelson5343@ubusive.com,rlUIq2uaGujfGNwexJp9,1614193533773.jpg
Havana,Skinner,228212580,Havana_Skinner9200@mafthy.com,l0vjFL2y6Z41lmQRUGNF,1614193533773.jpg
Sebastian,Turner,259081705,Sebastian_Turner6109@kideod.biz,ioNcE2B5nq0Vo22WLg7n,1614193533773.jpg
Noah,Oliver,148786556,Noah_Oliver5582@yahoo.com,uYrxChG3EIyoxPOn5F3C,1614193533773.jpg
Kieth,Rothwell,515822172,Kieth_Rothwell5741@twipet.com,4MaH7HvqicWLa0mvGLNv,1614193533773.jpg
Denny,Summers,64263406,Denny_Summers6192@zorer.org,qTS0jznkAnsi1g1ipWfE,1614193533773.jpg
Moira,Parr,111814993,Moira_Parr4368@sveldo.biz,Qct92uMyNaT9t48mELZd,1614193533773.jpg
Morgan,Gray,207403232,Morgan_Gray2952@joiniaa.com,7W9zPEMRYdyjc0AdFhrd,1614193533773.jpg
Charlotte,Steer,326652499,Charlotte_Steer3177@jiman.org,LeM5OB4MEk81ds61Qpf7,1614193533773.jpg
Daniel,Walker,176456100,Daniel_Walker8746@liret.org,UDWDRB0dxDl2PVuQ4CDB,1614193533773.jpg
Miriam,Casey,52125818,Miriam_Casey4158@gembat.biz,GyZuFhMECnoMvsArQTnD,1614193533773.jpg
Chuck,Cooper,540391981,Chuck_Cooper3768@eirey.tech,B9524LqN1FAGvENHO1Xz,1614193533773.jpg
Logan,Baxter,207570296,Logan_Baxter6653@twace.org,hdCIYJLueFRa9yZMMsNw,1614193533773.jpg
Carmen,Benson,425312375,Carmen_Benson9433@bungar.biz,zSVHNzPh8t88TGrNdmMc,1614193533773.jpg
Makena,Alexander,571610529,Makena_Alexander5284@liret.org,hBmNPXnbtuGxAzzZiwk8,1614193533773.jpg
Daniel,Yoman,625410446,Daniel_Yoman7722@guentu.biz,K6gEMm2huJSE7Jlnq9bW,1614193533773.jpg
Ilona,West,931265870,Ilona_West3214@sveldo.biz,Yn7rYovIS6x0xUfgYkuG,1614193533773.jpg
Julius,Ellis,325403140,Julius_Ellis9178@kideod.biz,Oo3B4dLAjsystNOrUnw6,1614193533773.jpg
Bob,Santos,927753600,Bob_Santos2614@hourpy.biz,OLjllfKYVF9ncXjst8vF,1614193533773.jpg
Johnathan,Gray,271839717,Johnathan_Gray4990@ovock.tech,EoWwpYIgpsyOu1cgyTGo,1614193533773.jpg
Fred,Gilbert,122256820,Fred_Gilbert8776@kideod.biz,1BSStILPqfx1CkUWcP4N,1614193533773.jpg
Rhea,Russell,789558242,Rhea_Russell6540@gembat.biz,DYsV2Ncttp9PzXIx7foh,1614193533773.jpg
Jules,Fall,721278756,Jules_Fall7119@elnee.tech,lP70VIh8nnr0WHIUP9nb,1614193533773.jpg
Madison,Norburn,549171338,Madison_Norburn6865@nanoff.biz,8Mg8VggjyioBjLC1sZJK,1614193533773.jpg
Mandy,Weasley,365047413,Mandy_Weasley7213@atink.com,qVYEN3wUNzESINuOsKQM,1614193533773.jpg
Candice,Matthews,295582394,Candice_Matthews4050@deons.tech,VJnjO59KfM6DEwtvrGoI,1614193533773.jpg
Alba,Rixon,70089840,Alba_Rixon833@gembat.biz,MlhSloITN1m8M5lRqjeB,1614193533773.jpg
Rosemary,Jarrett,134628679,Rosemary_Jarrett1694@gompie.com,b3Vg7AtU4l5uJVq6oZIB,1614193533773.jpg
Mavis,Bowen,213964993,Mavis_Bowen655@grannar.com,Fqw18gdDrg5ArCOpJIcZ,1614193533773.jpg
Angelica,Spencer,847017709,Angelica_Spencer2465@corti.com,rLS8Y5pUdLuGe8vhl5me,1614193533773.jpg
