1,Gillingham,8507040586,egillingham0@xrea.com,WTqZ63UB,269-519-6543,8 High Crossing Street
2,Philipsson,1691974684,lphilipsson1@goo.ne.jp,tD4WcMHnmcG7,476-952-0957,2 Dahle Court
3,Romain,4982762287,cromain2@nifty.com,f9D8FqGUFF,572-559-6971,5732 Holy Cross Plaza
4,Stolte,2187532712,sstolte3@hao123.com,mxB9lH,131-410-8629,682 Northport Junction
5,Assandri,6445069363,jassandri4@abc.net.au,amVH4Ob,206-767-7637,4377 Crescent Oaks Crossing
6,Denisyev,5852610291,gdenisyev5@gov.uk,xqjUGl,342-515-7160,3 Anzinger Circle
7,Keneleyside,6464776444,kkeneleyside6@alibaba.com,C2YIi03,872-307-5926,590 Hoffman Hill
8,Clancy,5385581356,dclancy7@howstuffworks.com,zL73Bxj,852-900-4706,78 Meadow Vale Court
9,Navarre,6333239585,snavarre8@nationalgeographic.com,JbVWyjJsN8q,134-333-2566,743 American Ash Lane
10,Krolle,1614315213,hkrolle9@washingtonpost.com,7k8X1phRI,511-648-0875,64270 Dayton Drive
11,Jirousek,5754950756,hjirouseka@yellowbook.com,mJ6JZfsRd,827-541-3377,81362 American Circle
12,Jerrome,7491080685,bjerromeb@delicious.com,uja2l5Y5,480-866-9457,8 Iowa Alley
13,Yukhin,1537564315,kyukhinc@google.de,1Z0l2vTV,949-433-0587,88 Acker Trail
14,Quinnell,6972281504,oquinnelld@clickbank.net,CATyLFacXGu,269-377-8613,215 Larry Alley
15,Rix,8013457559,lrixe@senate.gov,fVC0u5O0634i,321-682-2986,20 Rieder Hill
16,Barchrameev,1333735405,ibarchrameevf@latimes.com,GXnEaLta0V0,205-607-1308,98 Pepper Wood Parkway
17,Nannoni,7188880395,nnannonig@blogspot.com,kVYns6Kk,765-430-1816,5 Stuart Center
18,Sherrocks,0738645338,jsherrocksh@soup.io,Quk2gYiatA9P,202-828-1753,4 Mcbride Parkway
19,Prime,1488012636,gprimei@alexa.com,HsHJugAluMD,412-421-1718,8 Wayridge Point
20,Sloss,2822686645,gslossj@bing.com,mB0QOrNUK6qm,961-569-1721,30 Pond Park
21,Oran,1268759325,borank@t-online.de,W9YuKgBT,315-819-1492,318 Ridge Oak Street
22,Terbeek,2920433067,sterbeekl@illinois.edu,VlFGZYdbV6PM,181-847-6774,3977 Fordem Drive
23,Matei,5796376454,cmateim@free.fr,Docy8Tn,675-252-8020,484 Farragut Pass
24,Dunn,0224887181,mdunnn@usnews.com,B2JX7EDZrlq,800-395-9185,394 Oriole Trail
25,Nuzzi,0222530391,mnuzzio@whitehouse.gov,CtZ4fZye,238-521-6478,7 Bartillon Center
26,Westwick,8164310727,awestwickp@seattletimes.com,2k7ciP42MHp3,940-207-2965,01 Loeprich Lane
27,Beament,6229028336,bbeamentq@walmart.com,CTyyk0KE2Vc,638-585-2907,1 Columbus Parkway
28,Averies,0920713645,saveriesr@hubpages.com,yPulwM6YC6F,792-474-4664,1 Carioca Lane
29,Belfield,7262153854,tbelfields@gravatar.com,L3BEQlwAGDW,707-648-1813,0630 Spenser Point
30,Campey,1079174052,fcampeyt@digg.com,HIvwaQVB,989-902-3186,84 Loeprich Drive
31,Boerder,2786178061,dboerderu@fc2.com,g7sR0VG,721-404-6764,8130 Fairview Court
32,Papps,2829928776,gpappsv@elpais.com,MMjY0NLIqr,517-760-3163,3538 Mayfield Way
33,Pearsey,1078270414,npearseyw@technorati.com,gxVqTkRdqiQe,591-298-5197,228 Loomis Way
34,Hedde,6844075952,cheddex@stanford.edu,Ly2bnyo,553-259-2219,68601 Stuart Junction
35,Shildrick,3928891782,rshildricky@gov.uk,hxoMWVv,132-300-4417,1401 Browning Point
36,Aspinwall,8708309930,maspinwallz@wsj.com,j7U3f1CQwv,765-287-8213,10344 Montana Junction
37,Fireman,2432609123,jfireman10@earthlink.net,RkLgMED,642-572-5740,484 Bultman Street
38,Canon,0246221704,acanon11@gravatar.com,x5MAPbQ2sW,659-306-2972,963 Westend Pass
39,Mantripp,0269401024,dmantripp12@xinhuanet.com,2Suc8UOyo,272-972-0776,4887 John Wall Center
40,Pioch,9279464485,epioch13@statcounter.com,JQrSkKPJn,275-501-9267,21 Sullivan Lane
41,Lorryman,7548496001,hlorryman14@homestead.com,vzt22yrQv,720-256-9396,94 Monica Court
42,Caldaro,4055088442,ecaldaro15@opera.com,Bv44Ri5A,519-254-9770,2 Delaware Terrace
43,Fereday,4097310496,sfereday16@senate.gov,eUtIrKaLGL,731-827-5686,95658 Vernon Road
44,Zavittieri,7856371900,szavittieri17@ycombinator.com,i87Vvu7yQOU,423-229-3889,425 Sherman Street
45,Hargerie,5027797575,fhargerie18@bloglovin.com,Y4VCVaoENYxw,443-945-6363,41750 Warbler Point
46,Clarricoates,0135821940,hclarricoates19@ca.gov,k912Is,951-777-4290,13 Westend Terrace
47,Fretson,4587732192,pfretson1a@1688.com,fUCMDJDFcOv,119-599-0736,7 Fairview Drive
48,Oag,0389101176,moag1b@msn.com,1pG9dE,662-489-1671,2 Chinook Pass
49,Wakeford,6736681081,hwakeford1c@cocolog-nifty.com,R3rPQuBtHpa,589-456-7530,9643 Little Fleur Junction
50,Calway,1546056904,fcalway1d@ycombinator.com,DeP4fFhpQIAl,385-742-8224,77107 Oxford Drive
51,Sowersby,1993556273,msowersby1e@salon.com,7CE3NhbIGe23,462-257-1632,09490 Shopko Trail
52,Bougen,6328922302,lbougen1f@comsenz.com,6UdDlQhz,318-943-7407,299 Algoma Plaza
53,Ridley,2266717308,mridley1g@spotify.com,2AFcQvV12,434-232-7577,216 Laurel Way
54,Greir,8797536253,bgreir1h@illinois.edu,bNJ7Y7A,667-264-9966,8 Hintze Parkway
55,Brislawn,2180826338,lbrislawn1i@auda.org.au,a1vhhDVk,790-595-9964,852 Prentice Place
56,Richford,8793134746,arichford1j@scientificamerican.com,eU4tr0siEAp,803-355-5624,18 Armistice Parkway
57,Baggelley,5398836781,cbaggelley1k@hostgator.com,Euku9NRclvPJ,664-871-3359,7434 Morrow Place
58,Wadly,5289152695,lwadly1l@bandcamp.com,sGmVM4J,313-663-0631,10065 Farwell Road
59,Pickover,3800580985,cpickover1m@cocolog-nifty.com,nTbayslcA,548-496-5998,1369 Schlimgen Park
60,Matzke,8401480477,umatzke1n@salon.com,T4v5vG8UpgX,618-391-0693,733 Tony Lane
61,Fransman,8661196140,bfransman1o@hugedomains.com,dWbESlK,771-628-8319,80 Birchwood Court
62,Stredwick,7636381613,rstredwick1p@sina.com.cn,v29Wv5,569-156-9344,56 Buell Crossing
63,Pigott,7195986578,opigott1q@odnoklassniki.ru,1OTVUb,748-412-7771,7 Hoard Point
64,Symonds,6188144442,lsymonds1r@wikimedia.org,5tG0ogrJ5n,669-902-6586,92619 Swallow Road
65,Blackburn,1612195776,tblackburn1s@over-blog.com,49TzBeUnzl,903-318-4257,16 Division Center
66,Reeds,5040647077,treeds1t@blogspot.com,GAGB9qZ,773-564-8359,6039 American Circle
67,Claye,9581797599,eclaye1u@bigcartel.com,ptyPQAn,517-621-8615,3751 North Alley
68,Reyne,7837126912,dreyne1v@bloglines.com,ylZ6LR,139-610-9500,3191 Mosinee Parkway
69,Brogi,5214335458,abrogi1w@cbsnews.com,QRz7yCO4,148-605-5423,4992 Loftsgordon Way
70,O' Shea,1254070737,roshea1x@github.com,s9K3Dpr,267-880-2259,072 Katie Hill
71,Bockman,1423527348,ebockman1y@huffingtonpost.com,nr9oMQz,328-443-3908,19931 Bluejay Pass
72,Camblin,9325434814,mcamblin1z@thetimes.co.uk,Pd8HI9ijX,420-627-6170,78 Vermont Avenue
73,Willshear,1484031466,swillshear20@github.io,yQuw6V8S,671-402-5903,6918 Magdeline Center
74,Ciccottini,3987276096,gciccottini21@mozilla.com,4rftK8l,844-786-6448,84786 Schiller Plaza
75,Spilsbury,1197063951,yspilsbury22@japanpost.jp,c2136C15,329-314-3188,3203 Dottie Crossing
76,Stollery,5378254035,dstollery23@bandcamp.com,RNnd1yS,908-708-9683,1710 Johnson Pass
77,Bernardi,9093039830,ibernardi24@blogtalkradio.com,sITcV8TkIQww,206-144-5860,4 Mosinee Hill
78,MacCleod,9159917555,bmaccleod25@wikispaces.com,SPk4rZzBe7,853-484-7248,334 West Center
79,Cheavin,6982455505,tcheavin26@webnode.com,UWBRiE,273-149-2984,47 Hovde Road
80,Dwelling,3317427965,jdwelling27@squidoo.com,Jsphz90Hr,840-864-3862,241 Vera Point
81,Gounod,5216844937,egounod28@amazon.co.uk,0LN8HHgk1,331-834-5209,69 Fieldstone Park
82,Johnes,8230314616,sjohnes29@wunderground.com,LvCZPBhWm9B,976-785-5069,3146 Warbler Terrace
83,Brydell,5457226441,kbrydell2a@trellian.com,gziILAlmOf3,928-829-0200,31 Morning Park
84,Chritchlow,4348495041,schritchlow2b@naver.com,MCJM9wk5JP,322-152-7303,600 Miller Avenue
85,Erlam,9890637324,lerlam2c@about.com,Hguktxl4CAt,702-635-8980,9215 Katie Hill
86,Lovstrom,8578891821,llovstrom2d@ning.com,rjkPystLqjjQ,100-709-0031,55176 Mosinee Pass
87,Philpott,0388872527,ephilpott2e@nbcnews.com,HJM4G2DVIPk,678-547-0262,7852 Fairview Plaza
88,Maddrell,8230210276,rmaddrell2f@craigslist.org,3ZMSaWWgc,809-917-1024,4 Oak Park
89,Hassall,3892676097,khassall2g@dot.gov,NMaKlirQt11,158-170-7027,2232 Kedzie Trail
90,Kail,5136124962,mkail2h@samsung.com,bydxdg,680-585-7823,71 Porter Park
91,Berryann,2584849518,bberryann2i@reddit.com,X8I4DPAhT63i,543-758-7374,7 Florence Center
92,Lilly,7717522721,klilly2j@seesaa.net,DrSCELJN,458-964-1849,0452 Washington Junction
93,Bigham,0054020328,bbigham2k@clickbank.net,rq9te6NE,576-659-4286,530 Novick Parkway
94,Baulcombe,8003286298,abaulcombe2l@wired.com,FtoSbo9wpUt,776-667-1587,998 Nevada Crossing
95,Fidian,6985005675,bfidian2m@jiathis.com,47OHC7pbc8P,223-768-5406,84411 Moulton Lane
96,Empson,3467006469,gempson2n@deviantart.com,cuddmczADtP,554-920-3242,564 Melby Court
97,Roubay,0312133073,hroubay2o@plala.or.jp,522skzW5c,789-981-0061,7 Schurz Terrace
98,Sidgwick,4090516560,jsidgwick2p@technorati.com,ObltjAzAUA,856-699-6476,193 Hoard Plaza
99,Musprat,6070973445,tmusprat2q@washington.edu,OXlS5M,690-592-5695,3008 Buell Trail
100,Ginnety,7684243055,bginnety2r@washington.edu,BGhpRflQZ61O,744-658-1471,0 Bluejay Hill
101,Pinniger,5012287029,spinniger2s@whitehouse.gov,4FyoxC8qy7m8,311-726-4750,949 Crest Line Junction
102,Stewart,1635117666,sstewart2t@indiegogo.com,fnGO4A,670-838-5144,6708 Londonderry Avenue
103,Siemandl,9436307756,tsiemandl2u@samsung.com,3qvDjIP,843-362-4036,2291 Dovetail Drive
104,Pendergrast,0060442530,hpendergrast2v@japanpost.jp,366xeT,934-211-8034,10396 Fairview Parkway
105,Pavitt,0362432392,cpavitt2w@nasa.gov,MhACUjCJ,872-986-3012,1 Anderson Road
106,Botterell,1700095277,hbotterell2x@census.gov,TNiuDfe9gf2,575-644-0261,490 Lillian Circle
107,McGaughie,0477648916,smcgaughie2y@omniture.com,GdDyKE85jWC,413-405-2517,2 Manufacturers Circle
108,Colin,9358382430,ecolin2z@uol.com.br,9Sav9A2uZ4Q,537-797-8871,200 Calypso Place
109,Sebastian,3505787329,bsebastian30@shop-pro.jp,EvNpxpfqtghL,534-345-5729,80 Bluestem Alley
110,Brodway,3604222591,dbrodway31@harvard.edu,APCpKXFW8E9,887-498-8646,5861 Gerald Alley
111,Franklyn,0747241759,cfranklyn32@vimeo.com,9Aft7rmGgsFo,497-588-2358,0874 Lillian Avenue
112,Hatchette,8629214309,nhatchette33@mail.ru,CCgUHZRjq,586-875-9519,3 Arizona Plaza
113,Vernau,6011093868,rvernau34@omniture.com,QwSiFX,124-853-2675,89477 Meadow Valley Place
114,Colrein,8470287869,pcolrein35@liveinternet.ru,j4QP9frb,344-676-5654,195 Trailsway Place
115,Lethlay,3293312845,mlethlay36@cam.ac.uk,QKO9VrJI6,584-157-1988,62 Miller Court
116,Moorman,3361113946,amoorman37@umich.edu,q2AUV6,470-514-5488,94 Algoma Junction
117,Knee,4478079412,cknee38@jiathis.com,EYI903jS,606-231-5066,29859 Jenifer Avenue
118,Caccavari,6974732899,kcaccavari39@chicagotribune.com,PAKCnfSBoy,826-236-1150,34535 Straubel Place
119,Omond,2423044593,homond3a@joomla.org,6E6pEFhI,995-274-4496,51 Bashford Trail
120,Kareman,5300420018,wkareman3b@feedburner.com,2ip0Tq38p9,654-238-1541,85232 Cottonwood Avenue
121,Tardiff,1040446353,ftardiff3c@acquirethisname.com,R4RfDg,321-696-3450,087 Reinke Street
122,Bavister,8741991753,jbavister3d@washington.edu,Pxox7h,714-890-8647,903 Victoria Center
123,Dearnaly,1190481049,bdearnaly3e@dyndns.org,ircLg4Ap,749-209-8897,73168 Sunfield Lane
124,Pree,5381020767,cpree3f@about.com,0rASfUvj,379-471-6029,3168 Sage Road
125,Synder,1067548149,asynder3g@wikispaces.com,SOSJDRgCqTEv,563-987-2148,40 Hooker Road
126,Varley,6209001238,mvarley3h@creativecommons.org,vzL2rS2Is5xm,234-837-8525,86 Memorial Avenue
127,Fagan,4504401568,dfagan3i@europa.eu,opHgBSQ7W,398-100-8574,02707 Bluestem Court
128,Abbay,9302203719,gabbay3j@ca.gov,JIcuZvdl,562-721-3218,588 Waubesa Drive
129,Parry,1533516243,bparry3k@mlb.com,SnwllfI6,842-650-3575,78 Mandrake Pass
130,Baudou,9263620202,cbaudou3l@google.ru,MvcOCMb,857-514-8586,15 Rockefeller Court
131,Hubback,9564842999,nhubback3m@altervista.org,h54usKQokL,306-110-2116,3815 Old Gate Point
132,Ciccone,6475618691,mciccone3n@ameblo.jp,JxG30e2yl9Oh,208-237-2768,3 Summit Junction
133,Danielczyk,2726942644,kdanielczyk3o@prnewswire.com,GlEOw4cgHHQD,384-369-3116,14589 Eastlawn Plaza
134,Jarad,8415465076,gjarad3p@ow.ly,3tCMaOD5x0Z,702-945-8014,418 Miller Terrace
135,Hebditch,9578478607,jhebditch3q@topsy.com,ovO7a0CE7,576-850-1322,6330 Brentwood Drive
136,Robyns,5912240029,drobyns3r@technorati.com,nD7trO9M77,650-300-3376,96 Vidon Center
137,Hayball,5384221534,rhayball3s@pen.io,0hvUFkawY8m,702-242-2401,82764 Springview Crossing
138,Gonnelly,9222336291,bgonnelly3t@salon.com,IjEJtcX,885-680-0603,32 Daystar Parkway
139,Oakeby,0986972878,toakeby3u@bandcamp.com,koANCBuUW6q,839-349-0563,794 Upham Pass
140,Rountree,1208367080,trountree3v@alexa.com,snoRxPSNaH,897-124-9149,37857 Corscot Alley
141,Tomaszynski,0421993073,ltomaszynski3w@sun.com,c6q8gsYLFnYn,463-616-8428,0 Fair Oaks Lane
142,Matteoni,6832863152,rmatteoni3x@istockphoto.com,7Ph6AQoO,342-299-7548,502 Holy Cross Center
143,Gemelli,9453923656,egemelli3y@4shared.com,jTTzeTbR1,350-956-5574,6 Thompson Parkway
144,Jime,4954230152,djime3z@cargocollective.com,JjJtlF2WxC,362-978-1388,94 Tony Road
145,De Pero,8902243974,ddepero40@uiuc.edu,tPqBLWN,353-197-1854,077 Thompson Lane
146,Agate,7283226044,dagate41@google.de,9mar8JFLBXl,539-633-5397,96539 7th Avenue
147,Emberson,9860846057,jemberson42@goodreads.com,9FdhlqnEO1o,271-492-4864,9410 Forster Terrace
148,Wheatley,9255074628,lwheatley43@reddit.com,5ywE21lPCbqZ,586-990-0629,06 American Ash Street
149,Davidman,6103963427,hdavidman44@prlog.org,UPfE5HXF3Ux,273-681-8434,9 Glendale Park
150,Hanington,6974830149,shanington45@dmoz.org,4iaizoe,342-321-0139,106 Novick Circle
151,Newcombe,5395834621,snewcombe46@ucoz.com,V7kUhIUhM,638-932-7512,4 Melrose Circle
152,Clausen,1709266767,bclausen47@wired.com,eC5EZg,391-470-7150,81 Sundown Junction
153,Lade,8256457554,blade48@usnews.com,F7d4RKx,704-459-7511,6 Talmadge Alley
154,O'Cridigan,1583278745,rocridigan49@shop-pro.jp,4THKP36o4nvY,600-560-5498,3230 Rutledge Center
155,Cavil,1204706662,jcavil4a@photobucket.com,tAiycz,246-679-3097,43 Corben Center
156,Morena,6704618244,amorena4b@shutterfly.com,6UAOGxilwC,614-559-9542,3 Macpherson Center
157,Dantesia,6678790677,hdantesia4c@google.it,HQyDJwq10,479-619-7126,7 Cambridge Junction
158,Armitage,5454918598,earmitage4d@digg.com,cc5J8v3aWli,610-697-7105,423 Vahlen Road
159,Le - Count,3255196175,clecount4e@oracle.com,RpLPvaL,794-723-4472,93409 Wayridge Way
160,Calcott,4050993821,acalcott4f@vk.com,7L0Cn1XE0bk,203-197-9827,18139 Gateway Drive
161,Mertel,9569935782,rmertel4g@hexun.com,15teXUCXk,608-277-7238,52 Del Mar Avenue
162,Marvell,9511767496,amarvell4h@amazonaws.com,LdDLDdNVY,539-211-8582,12561 Manufacturers Park
163,McKinnon,8172794010,jmckinnon4i@salon.com,810JE4Jvmf,720-259-4363,9 Dennis Place
164,Flancinbaum,5986173104,mflancinbaum4j@infoseek.co.jp,nWVtECByEUEX,688-777-6752,65920 Anzinger Park
165,Peddersen,9836431039,speddersen4k@redcross.org,WkxHZ9Zgv,254-373-6588,79 Namekagon Lane
166,Tilliard,0661502341,dtilliard4l@ask.com,ecmJDd,476-734-7539,80 Hanover Drive
167,McCuffie,5625684677,emccuffie4m@mysql.com,5Tk3ODDh,516-354-7453,57 Fisk Drive
168,Weine,5609366305,cweine4n@google.nl,wRCCVZzKXH,852-808-9194,11576 Barnett Way
169,McCrone,2554720681,fmccrone4o@dropbox.com,dhrlIhu4I4J,773-312-4791,5 Morning Lane
170,A'Barrow,5139697831,mabarrow4p@trellian.com,A0HK0mU2HEOr,167-308-7785,3 Truax Pass
171,Torns,7540013370,btorns4q@newsvine.com,b5tPH7bD3jB5,868-268-5426,86506 Talisman Road
172,Joint,2592684247,tjoint4r@privacy.gov.au,stF6jCSU0V,612-602-1961,900 Lakewood Plaza
173,Leathart,7007695833,kleathart4s@miibeian.gov.cn,ph8kHufWMr,487-149-4653,73219 Sunnyside Center
174,Arendt,7204785266,carendt4t@qq.com,kImSDb,532-474-3303,04 Tennessee Road
175,Shoosmith,0496285750,cshoosmith4u@twitter.com,19qXQWGowHy,460-707-8628,27375 Hauk Park
176,O'Scannill,9956607320,roscannill4v@acquirethisname.com,Ax7WzOhKqG2M,402-951-7160,945 Graedel Parkway
177,Tirone,4345482704,dtirone4w@ehow.com,n1RCikF,829-977-1334,19 Roxbury Drive
178,Kemwall,0827849362,hkemwall4x@a8.net,4boUspHh,505-929-1426,90794 Buell Alley
179,Shallow,5982344966,ishallow4y@desdev.cn,xIrxEKD6H,395-985-3439,5095 Thompson Pass
180,Esch,1782058427,tesch4z@yelp.com,eWRqqjfG,659-300-3348,312 Luster Trail
181,Jerrard,7321395863,mjerrard50@stanford.edu,c7EtTr3,937-545-9808,11765 Memorial Center
182,Yuill,7046527709,ayuill51@i2i.jp,mbzQ8jibX2,328-880-3081,2097 Mayer Circle
183,Yeldon,1086689534,syeldon52@java.com,u3nSaeLile,727-651-3208,1 Ridgeview Hill
184,Leband,1594582718,kleband53@state.gov,ORDUiWw4j9,788-761-3747,582 Swallow Road
185,Dorsett,3068608872,mdorsett54@storify.com,qJOq83jZcLcI,516-407-3209,17 Carioca Avenue
186,Guillou,9647099711,bguillou55@sciencedirect.com,x0fPbY,757-384-8524,0 Schurz Place
187,Sorbey,5996187671,psorbey56@samsung.com,1fXlpMRsX,572-294-0866,653 Blackbird Circle
188,Giercke,3462253166,agiercke57@marketwatch.com,dPJmlEHwkuY,537-606-4928,257 Chinook Court
189,Hearle,1173863419,ehearle58@nationalgeographic.com,AXjM05k,675-885-9852,2887 Annamark Terrace
190,Killik,9537982378,kkillik59@dagondesign.com,e2Gp8SgNr,642-974-1532,4 Linden Parkway
191,Crier,1216283052,pcrier5a@xing.com,RE99laraNnok,414-271-2089,8 Fair Oaks Hill
192,Rendbaek,0179734210,nrendbaek5b@scientificamerican.com,iNHVGingD,685-783-9153,02353 Jackson Drive
193,Eyckelberg,0523103506,eeyckelberg5c@reddit.com,Vb8YW3X,723-720-5121,958 Sage Court
194,Hunton,6671598037,bhunton5d@sciencedaily.com,geYoHT,632-301-7284,48 Luster Road
195,Ferrarone,4829511397,eferrarone5e@mozilla.org,Au1AtShdI,271-486-5192,3822 Main Place
196,Jeannenet,4998035614,rjeannenet5f@google.pl,zSjbBUNydz6,767-655-3077,5 Sugar Court
197,Thorne,8591429982,ethorne5g@reverbnation.com,vOpIsNVT7,630-574-3686,48 Independence Crossing
198,Batthew,8802288623,rbatthew5h@sitemeter.com,YF9QL4y2k1Y,725-690-4695,5816 Mallory Way
199,Issakov,7036775939,gissakov5i@fotki.com,geBpwECM,912-537-7691,5516 Vera Alley
200,Crennan,3147626067,hcrennan5j@fema.gov,arIlxS5nWhN,350-539-7034,3 Bobwhite Park
201,Hrachovec,5725826937,phrachovec5k@uiuc.edu,TSueCz,859-854-3911,2878 Fairfield Crossing
202,Conelly,1660081351,lconelly5l@friendfeed.com,eOVVYwFk9e,606-805-4189,9 Buell Junction
203,Kermath,8757955905,lkermath5m@mail.ru,1hW8I2Nw4REN,314-120-5891,7637 Rowland Road
204,Sibson,0648077055,asibson5n@tmall.com,gwkyMS,699-102-9060,1684 Union Trail
205,Botwright,7473415719,hbotwright5o@vistaprint.com,zB6s3Q0CGQ6C,479-623-2542,4 Anniversary Crossing
206,Quipp,8124335036,aquipp5p@opensource.org,WwBdntusLk,168-374-5579,8 Anthes Place
207,Sarl,0785927840,msarl5q@ucla.edu,sPpjW13p80,534-767-6701,789 Atwood Trail
208,Itzcovich,3552847928,jitzcovich5r@ask.com,JYfqecLLlM,405-997-8727,0 Morningstar Terrace
209,Schubbert,0928377342,hschubbert5s@gizmodo.com,STsRty,366-307-2862,626 5th Hill
210,Matskevich,0211076813,smatskevich5t@simplemachines.org,csOkbiCEPJq5,928-864-9421,2048 High Crossing Point
211,Node,7511500706,fnode5u@omniture.com,isjvisTt8Es,614-570-9354,686 Village Way
212,Wastell,6895038418,swastell5v@buzzfeed.com,3JSWZQFRQ,637-337-3231,2 Corben Crossing
213,Proudlove,3670340912,gproudlove5w@arizona.edu,ODQS90MRd7X,631-129-6967,4 Killdeer Circle
214,Sparshatt,4328771264,hsparshatt5x@wix.com,pUr6vt9q,615-191-9676,50 Oriole Way
215,Brandsen,1378866096,gbrandsen5y@uiuc.edu,zRYVm1,363-445-2939,7 Barnett Avenue
216,Presshaugh,7568603563,gpresshaugh5z@unc.edu,ntfhxcue,475-863-9880,820 Killdeer Avenue
217,Raymond,0624381862,braymond60@google.nl,SA06G8Ym6idw,480-807-3205,73604 Talisman Circle
218,Erley,1930030681,berley61@dagondesign.com,994cKG,185-928-2833,4 Reinke Place
219,Jeffcoate,0327640308,ljeffcoate62@globo.com,X7g7lXWOrF2c,825-755-4342,57419 Iowa Parkway
220,Fyldes,7418524331,efyldes63@nih.gov,QKYlFgs0K,876-658-7095,93321 Summerview Way
221,Driutti,5580613202,adriutti64@apple.com,fXZppa5tI,348-866-6380,70289 Derek Avenue
222,Rollitt,7509028078,erollitt65@tiny.cc,UqsCic7Ui,321-729-4241,0 Longview Way
223,Paolini,7791617536,wpaolini66@cafepress.com,0rIyfJaOg,446-702-3976,8502 Londonderry Way
224,Henrot,3563802238,chenrot67@amazon.co.jp,nS9rSQ0F,574-235-6917,16 Meadow Valley Junction
225,Hinners,9205949574,chinners68@wisc.edu,Oufi4OJjhpDd,380-473-3187,73853 Tennyson Trail
226,McPartling,3220222153,smcpartling69@ifeng.com,xryBYRaDCws,989-254-6885,58596 Welch Way
227,Rollingson,3339750335,mrollingson6a@typepad.com,0XRJxGvOXV,968-329-4950,5 Haas Trail
228,McIlraith,0636475077,hmcilraith6b@washingtonpost.com,73vhT56Rc,862-706-9388,11315 Sheridan Lane
229,Pettegre,5774730158,bpettegre6c@networkadvertising.org,DknyKaQh8Jl,279-128-2970,62 Delaware Pass
230,Brader,6143815593,dbrader6d@adobe.com,QbkLGUVDz,222-683-0076,90204 Oak Valley Lane
231,Skim,0494075058,kskim6e@sphinn.com,vK8g79,505-667-4214,31 Bayside Crossing
232,Clendinning,2567565515,mclendinning6f@hao123.com,WNSEmapwm9Q,827-875-7650,4175 Hoffman Court
233,Gwillyam,3208207735,vgwillyam6g@answers.com,GduAcAuyXXMp,770-893-8829,048 Welch Circle
234,Braidwood,6088917571,gbraidwood6h@boston.com,u4YA43AmN,534-399-3388,048 Farmco Center
235,Gurnee,9880105176,tgurnee6i@mac.com,brDjimxySlKU,212-975-9503,4673 Westend Terrace
236,Blais,1712148036,pblais6j@myspace.com,oCnh02vXOX3w,522-188-1230,0 Crownhardt Junction
237,Draijer,6381409789,gdraijer6k@issuu.com,WqC5ggV,333-603-9961,8690 Summit Drive
238,Ridder,5295933512,jridder6l@scientificamerican.com,b97QXHzumVnu,102-971-8728,9 Dakota Lane
239,Koop,0187811032,fkoop6m@army.mil,PCj6YWTm1rKi,391-476-3912,344 Hermina Hill
240,Mines,3801405346,dmines6n@linkedin.com,hUEbsvZ,378-556-3371,362 Fulton Street
241,Cattellion,5859784295,hcattellion6o@ning.com,cqAIi7o4,544-105-2397,197 Prentice Circle
242,Morforth,1289862605,cmorforth6p@imageshack.us,Pjbwg0uR3n,816-885-6245,1 Tennyson Park
243,O'Corrigane,3693147213,focorrigane6q@zdnet.com,c38gqcYOs,448-807-1577,9259 Miller Junction
244,Otham,0519196236,cotham6r@acquirethisname.com,clGN3ini,560-486-9616,30269 Kropf Park
245,Barkly,1884636276,pbarkly6s@weather.com,ltdbYpYJ7,294-684-3330,65 Main Hill
246,Dooly,1464913021,rdooly6t@admin.ch,unwPMBN3oi,483-113-1560,2548 Stang Pass
247,Brick,0377424757,gbrick6u@admin.ch,R6CVDRHrUu,753-187-5435,636 5th Avenue
248,Dimont,6590821739,adimont6v@sitemeter.com,WccUGBUZW,698-102-5235,0 Waubesa Crossing
249,Pearcehouse,5650882541,vpearcehouse6w@parallels.com,un5uPj0mlmz9,341-989-8297,49604 Marquette Trail
250,Warsop,5332856768,hwarsop6x@wikispaces.com,z4ycbjPvkGWb,326-350-9218,83384 Sundown Way
251,Brain,6738978065,mbrain6y@dmoz.org,8ZBs96,971-789-1785,6505 Delaware Center
252,Senechell,3610509368,csenechell6z@washington.edu,tE7UKj7m,605-266-5654,01717 Tennyson Drive
253,Auld,9612739242,bauld70@booking.com,gwk1BJ,402-254-8193,355 Westend Point
254,Allanby,4802801661,lallanby71@newsvine.com,Gw5Ah5jIPKHX,400-334-2504,645 Amoth Way
255,Idiens,0715355465,cidiens72@msn.com,1Rn6zgEf3,215-626-3561,8995 Dorton Circle
256,Phillpotts,1516809750,dphillpotts73@cnbc.com,8Npoikpc,156-589-4376,1 Erie Drive
257,Audiss,6611035931,eaudiss74@angelfire.com,an8028RwA,775-388-2915,2522 Scott Terrace
258,Witt,5359595426,cwitt75@google.cn,IUfQUB0qM5,344-346-5087,0724 Alpine Pass
259,Okill,0995783047,jokill76@mapquest.com,uilOjpy,961-225-1606,9 Sunbrook Park
260,Veitch,0658569457,dveitch77@google.pl,DTHmd2,919-378-6023,5586 North Terrace
261,Renzullo,0615895212,drenzullo78@linkedin.com,EDQOIYC,927-378-8864,3 Pierstorff Hill
262,Andriulis,8818309781,nandriulis79@imageshack.us,vEtekTL8u98,189-956-9001,8668 Blue Bill Park Drive
263,McInulty,0587450274,fmcinulty7a@google.es,XD24pWD,928-321-0335,1471 Truax Center
264,Iskov,5045943812,fiskov7b@weebly.com,DOSEK84K2,891-414-3829,8 Hanson Parkway
265,Dacombe,4408952931,vdacombe7c@mozilla.org,OBLGDvSjyO,210-527-4662,4098 Eastlawn Junction
266,Scarlan,1812823029,escarlan7d@economist.com,G0493jV7kj,355-243-7307,6 Columbus Terrace
267,Tapscott,8558732086,wtapscott7e@uol.com.br,6mMxa05,508-779-2306,76274 Pleasure Trail
268,Bascombe,3324526558,pbascombe7f@smh.com.au,9jivlj,454-557-5682,927 Dahle Street
269,MacAdam,1910836184,smacadam7g@google.co.uk,aOGn0Nb,823-405-0417,563 Knutson Drive
270,Flatte,2090460830,tflatte7h@ebay.co.uk,r0PWsDHRIe7,654-842-4257,8404 Buell Parkway
271,Malster,6142803478,bmalster7i@admin.ch,nAVTDuLxp,778-476-3985,5 Vahlen Alley
272,Stredwick,4319166418,gstredwick7j@shutterfly.com,vjq1AK,800-535-3608,93 Raven Terrace
273,Chesson,1212606736,kchesson7k@quantcast.com,WcMglVlpq788,518-241-0845,6 Cottonwood Place
274,Rickett,3340218218,lrickett7l@squarespace.com,PXVk1C7,904-365-5747,8 Birchwood Street
275,Packer,7768101502,apacker7m@ucoz.ru,bvM8GTZe,740-755-4854,4477 Starling Drive
276,Midgely,7875841518,kmidgely7n@xinhuanet.com,RpbiTJU,613-707-8585,605 Stoughton Avenue
277,Woodcroft,4418540504,lwoodcroft7o@wikimedia.org,WGU3pB,202-671-2031,10 Hansons Hill
278,Nutton,6225472983,bnutton7p@mozilla.org,QnA3WKdu9u,906-551-9677,418 Macpherson Terrace
279,Farloe,4336359822,efarloe7q@dmoz.org,t68tY3jCV,995-504-8690,9725 Dottie Parkway
280,Chilver,3636867997,pchilver7r@sphinn.com,ZLDc4IBIMc,336-568-7897,3504 Killdeer Trail
281,Fittall,0495663301,dfittall7s@tinyurl.com,px2RMBYrYEkv,726-945-0957,10904 Stoughton Drive
282,Glasser,3991778696,cglasser7t@vistaprint.com,TRO290Gtg,824-139-1039,5138 Delaware Circle
283,Canto,2084415977,rcanto7u@wp.com,iLdQsw0y8wZ,706-696-9176,1432 Susan Plaza
284,Laux,5453179368,plaux7v@independent.co.uk,u2NTHS8xkWx3,296-784-1195,88964 Artisan Crossing
285,Grindle,0969176066,jgrindle7w@wiley.com,hZWgxyTp,333-351-3237,546 Oxford Road
286,McShea,9987542891,rmcshea7x@cyberchimps.com,p8YZgZFHb,217-686-9551,22554 Rusk Place
287,Slipper,9497860862,mslipper7y@census.gov,8Cuw9uU,650-946-6084,677 Barby Avenue
288,Karpets,4157224221,gkarpets7z@cpanel.net,mfWxbKHJy4,735-657-3802,561 Esch Parkway
289,Kline,2064633685,fkline80@chronoengine.com,68AB4Fg,409-671-8789,5 Sommers Parkway
290,Armer,4595144253,barmer81@weebly.com,y4dLQ8S6,764-659-4230,9778 Burrows Parkway
291,Jedrysik,2283967511,gjedrysik82@shutterfly.com,XbBagtOzOVM5,653-109-3476,58 Sherman Parkway
292,Byrcher,9105468396,abyrcher83@cafepress.com,WTyLazq5,128-325-2052,6 Buell Crossing
293,Aron,2891281527,raron84@nhs.uk,b3InPvi5q,153-408-4005,73015 Weeping Birch Road
294,Skamell,3230736109,eskamell85@parallels.com,lcWp060ISq,954-737-1218,2460 Kingsford Crossing
295,Oxtiby,0093448937,toxtiby86@ucla.edu,vKD4N3dfkbul,525-316-7241,5 Blackbird Court
296,Houdhury,9733588415,mhoudhury87@cornell.edu,mWGCm8WZtK,983-230-1433,39707 Wayridge Lane
297,Marquot,7700057958,nmarquot88@nydailynews.com,JrjB2mUA,811-459-5599,6707 Barby Court
298,Clapp,8206588817,bclapp89@dyndns.org,gzMrNwNGu,183-836-7465,460 Anzinger Court
299,Tonepohl,9284589258,gtonepohl8a@elegantthemes.com,r7I9xAtsA,415-889-6948,548 Tennyson Road
300,O'Sullivan,4464796532,mosullivan8b@ft.com,4fKuoQiNb,465-586-2301,836 Sunfield Place
301,Moakler,8285674533,lmoakler8c@weather.com,1sYvwhxQqa,781-916-3945,0 Mallard Way
302,Stabler,8035047973,dstabler8d@ezinearticles.com,XByVqddeY8i,631-658-8405,3809 Del Sol Junction
303,Grigorey,1004083890,cgrigorey8e@usgs.gov,WUgOlkQaFL,314-542-2422,70 Red Cloud Way
304,Sievewright,5485427510,jsievewright8f@sun.com,kgHwDmkWQ2,964-411-0048,7 Homewood Drive
305,Bussey,4299742966,hbussey8g@businessweek.com,SB2cyOVVE,755-824-8086,20650 East Place
306,Jurges,0759621500,ejurges8h@mediafire.com,Kl4vqP,485-118-1666,4 Ridgeview Terrace
307,Waylett,5169643063,gwaylett8i@gov.uk,bychk2o06cE,932-546-7321,8 Lakewood Gardens Place
308,Sember,9954362908,jsember8j@biblegateway.com,4hHsf2bx,767-229-2770,222 Claremont Pass
309,Manuely,4295877808,kmanuely8k@cmu.edu,1RlK7hgx2RZ7,902-324-2755,155 Sage Park
310,Strathearn,3314748930,tstrathearn8l@cloudflare.com,c3elRz,952-427-6235,39787 Mifflin Center
311,Otley,6481043670,gotley8m@freewebs.com,SvXP2WI,723-713-3866,9583 Fulton Plaza
312,Roggers,2646930151,lroggers8n@homestead.com,8hKAqWZ,323-674-9672,53 Coolidge Circle
313,Crux,1269563491,zcrux8o@purevolume.com,L2qzpZ4O,607-474-5166,51 Norway Maple Pass
314,Rathke,8814408653,erathke8p@exblog.jp,ImSbeK,248-185-7027,37 2nd Center
315,Barracks,9296320992,jbarracks8q@wufoo.com,wz6v3uVW,872-368-7210,5978 Talmadge Plaza
316,Goldspink,9695183182,rgoldspink8r@mtv.com,ev3slg,746-946-9093,113 Stang Circle
317,Rosas,6655167760,urosas8s@t.co,V5XCdy6nxG,953-434-3522,54845 Tennessee Way
318,Hansemann,3383527662,ahansemann8t@typepad.com,bgTlws,529-152-1034,4 Cottonwood Crossing
319,Andryushin,6981359111,mandryushin8u@themeforest.net,YkwFiGP,553-241-3781,91898 Autumn Leaf Crossing
320,Muino,4468332603,smuino8v@jalbum.net,oQyUlA4wj,383-876-0553,243 Stang Point
321,Robrose,7176902127,arobrose8w@jugem.jp,ibYM02Vv4W,349-251-1912,05413 Warrior Circle
322,Peebles,6736080940,dpeebles8x@earthlink.net,BuVm5a,513-583-0780,4783 Packers Junction
323,Birdseye,1660464471,bbirdseye8y@t-online.de,WOLAsKas4,887-188-3164,50577 Hauk Hill
324,Grayshan,0279227876,agrayshan8z@about.me,e93TZfD5P,964-900-3341,0 Manufacturers Crossing
325,Koppelmann,9844935423,zkoppelmann90@buzzfeed.com,NfvwsPBpquwj,529-230-6808,1249 Starling Circle
326,Hospital,9766859205,mhospital91@angelfire.com,viNktp,563-555-1625,278 Brickson Park Trail
327,Gladdin,2973910129,rgladdin92@aol.com,aF4z8HN,265-842-5839,67 Holmberg Place
328,Urridge,3801805786,murridge93@dyndns.org,Twf4nmeeJF,634-949-3122,4124 Sunnyside Center
329,Sherman,5781271449,rsherman94@epa.gov,icizCpUctw0a,584-417-1508,17024 Stone Corner Trail
330,Beamont,0038025930,rbeamont95@wikipedia.org,xiAeelvu,530-789-6779,55 Del Sol Trail
331,Cockshot,3518664603,hcockshot96@tripod.com,ZDmL6Q,397-369-0673,6 Sachtjen Lane
332,Seamark,4458691449,cseamark97@typepad.com,4Wr0vq,889-769-1055,23919 Maple Park
333,Nockalls,8917737749,gnockalls98@paypal.com,HOAWXz,563-577-2339,1 Magdeline Park
334,Oosthout de Vree,4927248240,doosthoutdevree99@amazon.co.jp,m2oW8VVMUS,391-142-3137,52444 Lighthouse Bay Plaza
335,Folan,5243978809,efolan9a@imgur.com,z1PxDRD92,552-979-3561,6 Meadow Ridge Hill
336,Pomfret,8781685211,gpomfret9b@paginegialle.it,7wZ8G5dPu9,910-899-8762,4 Ludington Drive
337,Philippe,6202728698,jphilippe9c@livejournal.com,pt2oF6H72C4,415-418-8418,536 Gale Trail
338,Bettenay,1747258873,jbettenay9d@sogou.com,9q3wPW9,270-409-7387,940 Colorado Terrace
339,Abrahamsohn,2871094314,mabrahamsohn9e@mediafire.com,FOE5s6O,520-967-3755,708 Rowland Hill
340,Beceril,8017086083,gbeceril9f@ovh.net,g39N7q,124-251-0134,90 Lukken Plaza
341,Mildenhall,2606033221,wmildenhall9g@telegraph.co.uk,R4qeVBfQoL,742-509-9224,312 Killdeer Street
342,Smewin,2566939993,ksmewin9h@msu.edu,kbLt5ldNb8,328-173-4348,96 Lotheville Junction
343,Leijs,0848144775,jleijs9i@upenn.edu,qU48qI5,503-766-6349,00 Ridge Oak Crossing
344,Lethem,8915203682,slethem9j@4shared.com,VwsY7vL,852-837-3513,9 Summerview Junction
345,Blaik,3726236635,mblaik9k@blogs.com,tlwh9ZV0I6L,378-924-7887,338 Clarendon Pass
346,McDonald,8747827866,pmcdonald9l@mtv.com,C9vBPN84Ilv,245-374-5845,1 Forest Run Circle
347,Cathro,4202982967,mcathro9m@creativecommons.org,hhhRzy9,577-803-2986,4649 Eagle Crest Crossing
348,Oliveto,4392206459,moliveto9n@i2i.jp,hGACbHt7BH,208-646-4054,587 High Crossing Trail
349,De Michele,2868119778,fdemichele9o@oracle.com,dgelXOtIg2y,890-728-7429,915 Caliangt Street
350,Allday,8886127146,dallday9p@ifeng.com,pEP5Mb,476-254-5228,3 Mifflin Lane
351,Francescozzi,5313187457,lfrancescozzi9q@merriam-webster.com,zs5UwA,826-997-9881,94 Starling Street
352,Gimbart,9583873187,egimbart9r@blogger.com,qE0OOGrbTeZi,556-786-7128,8488 Columbus Terrace
353,Lesor,8377966638,wlesor9s@twitter.com,9HsAYE60oim,680-263-6350,680 Saint Paul Circle
354,McGivena,4930333237,fmcgivena9t@hatena.ne.jp,fwtPWTcr,660-552-4242,9165 Pine View Hill
355,Kenningley,5783608386,tkenningley9u@cbc.ca,2fdbVY,503-202-7910,7 Lien Road
356,Elcum,1574986694,melcum9v@youtu.be,dxZ5zJxvbq,425-607-6154,01 Messerschmidt Point
357,Lucian,2450531173,jlucian9w@cam.ac.uk,oQYxsM,456-122-3439,40486 Bobwhite Junction
358,Kimbury,9958276151,gkimbury9x@archive.org,twn9rF97YH,542-432-3731,65979 Cherokee Court
359,Culross,9923572471,kculross9y@smugmug.com,OmrTsyzvRz6q,579-131-6094,31 Erie Crossing
360,Bexley,8832698617,jbexley9z@creativecommons.org,0cf5ZzVheQ,358-479-6225,72 Kings Way
361,Vaughten,6804405323,bvaughtena0@usgs.gov,Uua9TbFhZU1,616-943-8627,752 Basil Parkway
362,Dank,2727931743,hdanka1@ning.com,on5q6HYq,846-833-8383,2 John Wall Pass
363,Branch,8750370448,cbrancha2@simplemachines.org,X5gmtj3J,194-934-3080,33 Old Gate Center
364,Tourne,9726910641,gtournea3@slate.com,mpA0IaVuL7,906-492-8835,4054 Vera Circle
365,Audley,9515854857,raudleya4@ed.gov,Zwsirq,212-868-0538,6 Sachs Street
366,Ricardet,6962739427,rricardeta5@pcworld.com,fESCDBiEYX3,695-776-9758,5567 Corben Terrace
367,Lukock,6696386351,plukocka6@prweb.com,GsKRfnzAvRe,809-536-4633,4 Grover Crossing
368,Cleevely,1075021952,rcleevelya7@yelp.com,KUKGyv4w,237-990-1964,75780 Red Cloud Plaza
369,Gamwell,2560286319,igamwella8@ifeng.com,3tTbbSrdR35,375-232-8749,8 Stang Junction
370,Bingley,4399457171,abingleya9@is.gd,2yoMiCVei18,838-306-7254,6734 Express Lane
371,Coste,8619521500,mcosteaa@reuters.com,XN9MFDaZ,216-427-0554,12210 Glendale Trail
372,de Mendoza,9769125059,wdemendozaab@ebay.co.uk,t0gZYwMyJ7,484-959-2352,79 West Place
373,Crombleholme,1096030837,fcrombleholmeac@about.com,siPukXyGHXV,713-785-0041,680 Sauthoff Park
374,Rasell,5686175306,lrasellad@amazonaws.com,ZfD0AxW4Ido,195-909-6383,1084 Dryden Point
375,Thibodeaux,3994255848,dthibodeauxae@seattletimes.com,FTeK299He5,874-510-1460,017 Menomonie Hill
376,Ekless,5544939543,geklessaf@china.com.cn,qc4BA91H68hJ,710-818-9276,6 Meadow Valley Street
377,Lapworth,3542111139,plapworthag@slate.com,WCJIDEWLKo7,394-900-4430,333 Carey Lane
378,Vink,6037827206,lvinkah@csmonitor.com,xBPoKxE,720-607-7460,8 Susan Way
379,O'Hagirtie,9030623276,hohagirtieai@technorati.com,XmgTDA3,942-526-1523,903 Lien Circle
380,Utterson,6586134803,duttersonaj@cnet.com,vgMzhIFW6,662-353-4705,6 Westridge Junction
381,Batten,0240876717,mbattenak@qq.com,LQHidIqYj,597-205-9429,493 Monument Lane
382,Fullman,8572439056,lfullmanal@oakley.com,k8iE56,442-507-7933,814 Hansons Court
383,Ivankovic,8073430355,nivankovicam@posterous.com,jFCGz9Ey,569-709-6093,81 Dryden Terrace
384,Eagers,3045660622,ceagersan@harvard.edu,CrEREH,779-953-8112,166 Michigan Alley
385,Caudwell,9268601133,jcaudwellao@trellian.com,eCuAY3OC,960-762-9633,44 Esch Parkway
386,Brandenberg,9225290071,mbrandenbergap@ycombinator.com,z3FuTRPEQCgy,502-287-7450,919 Golf View Lane
387,Jowett,9603986666,ljowettaq@google.fr,SptWfL0H,872-827-6327,9 Hintze Street
388,Spradbrow,1138033316,rspradbrowar@ucoz.com,2FhcUqtG9O,503-258-2218,558 Valley Edge Pass
389,Sturdey,6496285187,asturdeyas@theguardian.com,B8JUUEy,409-585-0299,691 Kings Road
390,Joiris,2803277115,djoirisat@reverbnation.com,H1VzD18,929-190-7859,730 Blackbird Way
391,Ratt,0631052402,srattau@redcross.org,AdEjRY9Yh,338-748-9426,61 Manitowish Place
392,Standbrook,2854968972,kstandbrookav@chicagotribune.com,eQrOiD7Yq26G,404-674-9781,016 Buell Court
393,Aylesbury,9528182224,naylesburyaw@smh.com.au,DGWt7Atxb,181-919-1508,5117 Stang Terrace
394,Toms,0091723205,rtomsax@rakuten.co.jp,xEutiTX,597-420-4564,4998 Rutledge Alley
395,Rappa,4099067920,grappaay@buzzfeed.com,zZ4LBTZCNo3k,827-938-2315,2 Jackson Lane
396,Hofler,0342008072,shofleraz@4shared.com,cTdoTEjPd,417-403-7189,52369 Nevada Pass
397,Gavaghan,9047971558,cgavaghanb0@paginegialle.it,9KiDFEddw,496-125-6654,32 Holmberg Terrace
398,Brickner,4330722178,sbricknerb1@jigsy.com,0ySZAG4qR,563-158-4286,5654 Derek Hill
399,Liccardo,5119146449,dliccardob2@google.co.uk,O9qB5hM,615-799-1369,3179 Eagan Street
400,Creavin,2780739495,lcreavinb3@dell.com,KmzyXhY6rAwC,667-317-1782,199 Arrowood Alley
401,Davet,0682584851,ddavetb4@cloudflare.com,iPRolcsNGeiY,458-596-0327,3539 Buena Vista Road
402,Crouse,2065915951,fcrouseb5@diigo.com,jJsd8A,529-518-3446,0871 Nancy Parkway
403,Lutzmann,3894844809,mlutzmannb6@i2i.jp,DH54Td,812-263-2159,94 Fuller Lane
404,Jersch,9571599921,mjerschb7@taobao.com,WUcroB0Wy,718-604-8605,1193 Susan Terrace
405,Creasy,6852504468,gcreasyb8@geocities.com,uwuRCdEXT5WM,828-387-2971,40 Vidon Court
406,Varsey,2815968967,lvarseyb9@symantec.com,uQ7zyqvGqczg,619-695-4668,6 Talisman Crossing
407,Jurczyk,0516665677,sjurczykba@istockphoto.com,hGZZx33sgY,800-151-7211,2354 Golden Leaf Pass
408,Perring,6799349912,aperringbb@altervista.org,I8ssCmOZ,724-385-7417,3156 American Crossing
409,Martugin,3964075213,kmartuginbc@addthis.com,8wGdEFJ7I3,169-240-1487,59 Carberry Hill
410,Screach,1549901079,nscreachbd@simplemachines.org,nU0Q6qcymc6O,218-313-5694,8 Trailsway Road
411,Scrancher,9689663798,ascrancherbe@barnesandnoble.com,nljdsqX7hFt1,404-634-3826,40682 Ilene Plaza
412,Ciobotaru,1793847134,lciobotarubf@bloglines.com,tZuSQjyWWq22,255-893-0266,10068 Hayes Point
413,Izzett,5472743354,aizzettbg@ibm.com,bGO7l9g,262-873-4258,50305 Hoffman Center
414,Matthiesen,0695161458,jmatthiesenbh@msn.com,tBL5t0,877-674-7198,829 Mcbride Avenue
415,Prater,9965979359,rpraterbi@de.vu,dvxGMygnQ,457-874-3562,1749 Killdeer Court
416,Bockler,4027726626,hbocklerbj@usda.gov,3M2XKJ,373-587-8390,9 Cherokee Court
417,Cunningham,6338515491,ycunninghambk@unesco.org,oLerhQz,630-918-6782,5 Butternut Road
418,O'Teague,6712592089,koteaguebl@wiley.com,3bSJpiuSC,346-873-1751,63692 Kim Center
419,Liley,6645754132,blileybm@hugedomains.com,vefKI8Ykfk,142-955-1313,06192 Coleman Drive
420,Liddiatt,9749713435,lliddiattbn@illinois.edu,z87quoh0vWh,525-570-1127,0 Ramsey Street
421,Cornu,7471617810,ccornubo@youtu.be,yXoGIB5YF,538-497-0895,52080 Browning Avenue
422,Corston,3266804805,dcorstonbp@free.fr,UEgZ2A5r1,887-890-7121,01884 Mcbride Hill
423,Cornil,8359895988,dcornilbq@sohu.com,K7BMVKe,446-278-5139,779 Artisan Place
424,McGuigan,2909526453,dmcguiganbr@china.com.cn,6KNY2lSnBW,870-554-5159,7 Golf View Avenue
425,Lichfield,2698743395,elichfieldbs@desdev.cn,6jftpl,389-931-6146,70 Schlimgen Way
426,Huchot,5774418073,ahuchotbt@constantcontact.com,12D5VMT70I1k,313-713-0359,55 Goodland Drive
427,Culver,4286049582,mculverbu@admin.ch,JH9ErpwVZeep,605-676-6030,6442 Haas Center
428,Este,3260309330,bestebv@cnbc.com,94iSqyHE8A,208-893-2173,50 Mccormick Circle
429,Howford,0639161898,rhowfordbw@e-recht24.de,Uc9A5SpZ5MbI,308-587-1897,5506 Butterfield Terrace
430,Kirkpatrick,6066264400,kkirkpatrickbx@oakley.com,mZWW4SVWjYn,540-961-1978,18117 Scofield Terrace
431,Plumb,8247651076,splumbby@springer.com,Y3dCqaTx2x,475-484-4876,88 Northport Lane
432,Blomfield,6185983052,ablomfieldbz@ycombinator.com,ebLjpIHJLDV,381-637-2408,9 Gale Circle
433,Sprasen,1661295169,bsprasenc0@nytimes.com,7FBCT1P5,593-509-5694,0655 Center Court
434,Schutter,5284535596,sschutterc1@ca.gov,P2WWFA,223-855-0340,7 Gerald Circle
435,Labern,6549632064,slabernc2@earthlink.net,0uIsATYGgga,244-698-3199,97519 Kensington Court
436,Berendsen,8643439355,aberendsenc3@booking.com,Dau65JE6Z3F,172-147-1034,9 Coleman Road
437,Doeg,1533830835,fdoegc4@indiegogo.com,VMxZBAvG,255-445-2970,4 Kensington Place
438,Sidney,4011463280,ksidneyc5@unicef.org,gw6NWD7sbUK,924-684-4425,372 Clarendon Way
439,Winckles,8034163864,kwincklesc6@harvard.edu,4uxKFiD,672-119-4060,018 Bunker Hill Plaza
440,Chalmers,9578834187,jchalmersc7@nasa.gov,KYkVgn,355-638-0648,25 Badeau Circle
441,Stabbins,2570140376,sstabbinsc8@theatlantic.com,HxNivIQOB,866-139-5162,59 Morning Point
442,Kybert,9811587914,mkybertc9@liveinternet.ru,WtJae6481,351-939-4143,4674 Eastwood Center
443,Clatworthy,7445964177,oclatworthyca@printfriendly.com,LykYGR8zD45,549-958-7246,6815 Vermont Place
444,Schule,1424310652,dschulecb@opera.com,NYll7fGq9lF,465-782-8793,10831 Luster Street
445,Dundin,1022107992,cdundincc@ebay.co.uk,lCghR05jUwo,140-463-1279,8 Marquette Court
446,Mc Trusty,8573388986,omctrustycd@dailymotion.com,fElpEliEcKX,531-809-6368,66 John Wall Center
447,Rannells,2630924033,srannellsce@scribd.com,QRstcws,859-815-4801,23 Haas Center
448,Maven,8113256563,emavencf@gnu.org,43LNzgo59F,257-570-1861,41249 Ridgeway Terrace
449,Hutcheons,8108272513,lhutcheonscg@hibu.com,o6QSXN1,632-427-7440,41882 Merry Street
450,Trulock,6227181684,ktrulockch@surveymonkey.com,0G6Nml,319-488-4700,95015 Fieldstone Lane
451,Keable,5444061449,akeableci@biblegateway.com,1kFHfsl,692-981-0008,3 Bonner Court
452,Makin,3078682439,smakincj@hao123.com,Won2Z0vjeaS,151-690-4630,1 Mendota Lane
453,Sanbroke,5451384541,dsanbrokeck@wix.com,agMaEIngB,516-987-8624,12 Lotheville Hill
454,Bastock,0307827127,jbastockcl@amazon.co.jp,peqxpoyD2nJf,991-842-6945,9578 Texas Trail
455,Heigl,4720474497,bheiglcm@biglobe.ne.jp,xN7QYMz,976-248-8168,7489 Boyd Drive
456,Moriarty,3308852489,amoriartycn@uol.com.br,OJu2qB8M3FK9,835-735-5977,2309 Heath Plaza
457,Beller,6405383784,nbellerco@psu.edu,BJiK0y2UwE,838-365-5898,162 Elka Trail
458,Caunter,0553785001,xcauntercp@instagram.com,pGBfTsI,347-449-5250,56 Sunfield Center
459,Mottram,5027781555,bmottramcq@usnews.com,dedtLau7S,341-123-5823,06 Lukken Avenue
460,Clacson,0570894611,kclacsoncr@aboutads.info,HaBGfEPl,480-503-0134,23249 Shasta Way
461,Crisall,0818108487,dcrisallcs@vkontakte.ru,kviHgRF8,321-165-2513,52 Carpenter Circle
462,McLinden,0971567298,mmclindenct@accuweather.com,ROKavkz,487-923-3023,1452 Northport Terrace
463,Ramalho,3439040577,kramalhocu@admin.ch,fkp3TMUk7b,509-415-8666,64677 Browning Crossing
464,Tokell,9802090670,btokellcv@barnesandnoble.com,dYTsc6,898-818-4389,6 Rieder Street
465,Iglesia,8674432506,higlesiacw@mit.edu,knDIA5d,800-916-4538,8234 Victoria Drive
466,Rawood,9408933508,brawoodcx@slideshare.net,UWoDJ4Gr,603-306-5723,3507 Heath Hill
467,Kyngdon,5986469526,skyngdoncy@europa.eu,VoITPWkHay5,588-520-6803,1858 Southridge Crossing
468,Edington,4531226542,cedingtoncz@w3.org,XN7cJb,559-931-3852,0 Moose Crossing
469,Philpotts,7251858932,sphilpottsd0@ocn.ne.jp,3zGuyVJ,952-577-0164,38 Fieldstone Park
470,Lyenyng,2524150100,mlyenyngd1@ustream.tv,eHnTeh,768-524-2296,1250 Jackson Drive
471,Gatheridge,4202013638,wgatheridged2@discovery.com,cUTsXanZ9tXM,937-929-2252,79895 Bartillon Lane
472,Guidone,2635777659,pguidoned3@mysql.com,d2mHXCA,200-572-4225,3 Autumn Leaf Place
473,Stenet,1258624230,sstenetd4@quantcast.com,FPS3CjE,362-392-5763,710 Katie Circle
474,Puzey,2734943492,bpuzeyd5@cocolog-nifty.com,Ec6UM7f,508-712-8238,2 Algoma Hill
475,Govan,5106105307,kgovand6@chicagotribune.com,htFFHWl6,541-557-3732,200 Old Gate Place
476,McIllroy,1540134296,smcillroyd7@nationalgeographic.com,qlCM85fZ3,574-108-5820,44 Talisman Avenue
477,Swinnerton,8657138832,bswinnertond8@indiegogo.com,CwdA7RD7,376-631-7114,353 Susan Place
478,Tossell,1121085342,wtosselld9@naver.com,Frfvvnmu,745-702-6978,31116 Northfield Pass
479,Metcalfe,9438448071,ametcalfeda@senate.gov,vBk7W2XCa1F,367-843-3799,72 Forest Run Road
480,Windrass,0450467961,kwindrassdb@delicious.com,875yzEr,474-414-5030,6 Kingsford Avenue
481,Benham,6082713680,gbenhamdc@washington.edu,lt9Jhp974d0p,270-110-1859,151 Luster Avenue
482,Snedden,3730867539,tsneddendd@spiegel.de,j6XF9brv9137,783-435-5864,03 Elka Hill
483,Licciardi,7706939367,jlicciardide@studiopress.com,X8aSMOx,358-320-5131,2 Ridge Oak Alley
484,Tevlin,2092330527,jtevlindf@disqus.com,cAPgXke2,561-348-0319,24 Mifflin Park
485,Walsh,7047793593,awalshdg@facebook.com,13bS80wxt,184-374-1015,1559 Birchwood Point
486,Cuttin,5815528781,mcuttindh@cyberchimps.com,Xmyc7afRDHZo,865-940-4663,0 Village Junction
487,McGuffog,7434025743,gmcguffogdi@t.co,eAzSi7V2vRF,595-926-8448,540 Shopko Center
488,Belloch,9222540948,cbellochdj@wsj.com,YGOlzIh,385-126-9746,26 Monument Lane
489,Rockey,9927571518,urockeydk@apache.org,xsvHfm4yefJ1,961-519-4994,56 Ohio Way
490,Bakeup,7334949161,dbakeupdl@tumblr.com,HOrzPh,282-878-9468,051 Independence Center
491,Kopf,1476951322,rkopfdm@deliciousdays.com,hqGqXa4,747-109-2000,632 Rowland Trail
492,Denerley,3040828223,mdenerleydn@lycos.com,Jhdsgpaslv,959-894-5478,323 Cherokee Court
493,Chatelain,3607033293,rchatelaindo@usatoday.com,2jFpFwqS,204-245-7209,1707 Surrey Alley
494,Hearsum,2902143273,shearsumdp@nih.gov,vttbqkgKAjR,666-895-2415,33548 Manley Drive
495,Manford,2770962833,hmanforddq@lulu.com,buRnxTPl0i3r,643-838-5097,2 Badeau Trail
496,McComiskie,5892719464,tmccomiskiedr@fastcompany.com,krmrPcWOC,863-556-5380,30 Montana Pass
497,Dealy,6348492524,kdealyds@salon.com,9gf4GoH,354-815-7228,0713 Independence Alley
498,Buyers,4260031996,ebuyersdt@hexun.com,YBdj7Awj,414-408-7671,82 Spaight Lane
499,Brearley,5713056198,mbrearleydu@telegraph.co.uk,avuee3D8Saag,826-530-9375,425 Pennsylvania Point
500,Boyan,3818347832,nboyandv@huffingtonpost.com,STSKIrwPAzH,383-519-5481,2 Quincy Court
501,Finnis,7995765266,jfinnisdw@wikipedia.org,1oABs3VVS,850-363-2213,9244 Valley Edge Hill
502,Rudderham,0803542682,yrudderhamdx@umn.edu,qcehe8Et6Ps,143-234-3702,1764 Blaine Place
503,Labdon,7124485274,nlabdondy@nydailynews.com,L7wpCcl6H,553-500-8309,42622 Rieder Street
504,Bramstom,5705846851,kbramstomdz@patch.com,SuAAY6Ckw8,121-886-0846,1779 Forster Terrace
505,Cowley,2201348685,gcowleye0@whitehouse.gov,c1NFwkEZ,671-232-8538,41377 Ruskin Court
506,Igo,6977398264,eigoe1@nymag.com,wJFQBDjm,599-340-9543,8 Vera Point
507,Buckston,6024875657,fbuckstone2@domainmarket.com,iwtPgWPP2r9,900-956-4831,06 Norway Maple Way
508,Blackie,8903438531,gblackiee3@nature.com,ULAuyRHgSmj,242-934-8503,71327 Melody Street
509,Scouller,2612803122,bscoullere4@apache.org,ZAp1FUlXQ,852-459-3342,77 Alpine Way
510,Giuroni,0100554431,agiuronie5@toplist.cz,ifTHpBIso,417-965-6335,289 Schurz Trail
511,Mertel,2678859053,lmertele6@i2i.jp,troXjhHwq,150-980-5667,7 Vernon Plaza
512,Eltone,2542637393,celtonee7@gmpg.org,mp91Rd,111-226-3321,74 Chinook Hill
513,McPake,6062004684,pmcpakee8@wordpress.org,MEPRzUcv1TPF,920-125-4352,75 Hovde Center
514,Jopson,2635832196,pjopsone9@gnu.org,0mhRmfsNUn,662-517-4564,7 Mcguire Avenue
515,Hasted,9024501830,thastedea@jiathis.com,yETsobDA,799-584-2126,2 Dennis Avenue
516,Ayres,1222476711,kayreseb@deviantart.com,3LA2nsIHUTRJ,188-412-7212,10 Forest Run Circle
517,Churms,6012750250,ychurmsec@miibeian.gov.cn,QPNHwts,529-396-6224,38405 Westport Point
518,Proschek,3091802035,rproscheked@ca.gov,Mw4qOH9Om,141-794-8871,311 Manitowish Street
519,Tuson,1116147734,mtusonee@loc.gov,4UojtM,900-927-3043,62 Fremont Alley
520,Gostick,6591239855,tgostickef@webs.com,UYF7BKC,778-845-3987,14 Waxwing Alley
521,Airey,7673155842,naireyeg@scribd.com,dwxrD7n6,360-176-4567,05444 Maple Center
522,Mellish,3899538080,mmellisheh@yellowbook.com,4gEJ9wGz4,818-137-7623,58 Maywood Parkway
523,Tuohy,4965182383,ltuohyei@soundcloud.com,bi8i1XovfDZ,515-944-8598,3 Sage Way
524,Mountney,0019659520,amountneyej@addthis.com,WfQHrGxj,896-231-7063,1523 Dahle Alley
525,Clashe,8904694809,mclasheek@weather.com,VQ4OJjB8y9c,139-659-9853,6484 Ludington Parkway
526,Ferne,2637162058,mferneel@sohu.com,6oukIh,521-546-8116,035 Myrtle Junction
527,Whewell,4562830107,mwhewellem@about.com,bzWetMwCh60,794-216-9322,7619 Helena Way
528,Pudner,9116911083,bpudneren@usnews.com,o2abQyhXrv7,697-743-1491,41 Thompson Alley
529,Coyte,5426012687,tcoyteeo@tripod.com,Sr7Siy3RxNqa,820-598-2383,5 Monterey Street
530,Points,5262496822,lpointsep@bigcartel.com,RBRzDamY,421-893-8945,8 Northland Center
531,Beane,6317495998,gbeaneeq@ow.ly,3cfH72gASUj7,386-926-5021,83123 Bayside Court
532,Muehler,1039463746,jmuehlerer@nifty.com,QP8AHyXVtZh,131-137-4495,7919 Oak Valley Court
533,Caldecutt,1148903968,wcaldecuttes@apple.com,HGvcTsT4N52Q,690-504-7422,6004 Northland Way
534,Cann,5280113514,tcannet@de.vu,AjKM19O2Ww,837-526-8938,537 Warrior Park
535,Belamy,3865976816,dbelamyeu@usgs.gov,S0CFqlVi,994-425-0342,786 West Way
536,Peto,1899373640,mpetoev@ucoz.com,Qfq9SkXhYgQ,967-263-8255,389 Dakota Parkway
537,Bunkle,6409538286,abunkleew@scribd.com,6yJrMlo2Twf,552-865-7442,32 Messerschmidt Hill
538,Seid,0649596234,eseidex@geocities.jp,Wf3HuzE,316-916-6684,766 Laurel Place
539,Otley,2644110467,sotleyey@hud.gov,KeZwo3,231-683-9836,63189 Drewry Court
540,Mendenhall,3975284005,omendenhallez@elpais.com,CnaBPdDA1YgK,426-750-0979,1619 East Alley
541,Grishankov,7259413743,jgrishankovf0@facebook.com,vJJz80Kd6,719-388-4092,197 Dayton Way
542,Durgan,5935506505,bdurganf1@dell.com,T33wMMSWq,100-219-8416,83 Continental Junction
543,Peagram,1204253048,rpeagramf2@microsoft.com,bGapFGkcqi4T,701-269-6686,328 Donald Road
544,Parsand,0514695277,rparsandf3@cbslocal.com,dKgjMJHKJNco,834-125-7080,17048 Kropf Road
545,Argile,6951570035,largilef4@cbc.ca,MU4Zv3lr,335-677-2449,89 Glendale Circle
546,Edmeades,4605595902,dedmeadesf5@utexas.edu,ekEyJPUO3,906-742-4767,80 Emmet Court
547,Gratton,9090915052,wgrattonf6@soundcloud.com,pkehASgg,664-406-7803,28372 Wayridge Hill
548,Malcher,6451152447,omalcherf7@domainmarket.com,ST8HEOXi,558-208-5700,5 Schlimgen Drive
549,Fawke,1367265614,pfawkef8@360.cn,2AAXviRi7,930-378-8391,24 Fairview Alley
550,Titterington,4351080310,ntitteringtonf9@flavors.me,mzLRkeweF,979-545-2781,4644 Burrows Alley
551,Wraith,8661964253,ewraithfa@yolasite.com,ssaYeaN,883-305-5103,43 Ilene Lane
552,Islip,1127269186,dislipfb@paypal.com,HbpokrS,261-387-7583,6 Pleasure Road
553,Jukubczak,4765980510,tjukubczakfc@1und1.de,pwutxM,830-564-1285,306 Graceland Circle
554,Andreolli,4257335165,iandreollifd@plala.or.jp,tm1oDgbnehK,954-189-5058,6840 Merrick Road
555,Garrioch,5712077868,kgarriochfe@miitbeian.gov.cn,B79yFlsZBier,445-564-3819,4 Del Mar Terrace
556,Coard,9702564840,ycoardff@eventbrite.com,4OPfqyvNY,597-336-3325,12 Everett Parkway
557,Thorp,7691453647,athorpfg@forbes.com,FVFyD7iZ4e,147-732-5272,9700 Mcguire Crossing
558,Casella,2310894982,dcasellafh@illinois.edu,uajuEjb,524-829-0638,164 Kenwood Avenue
559,Orthmann,7668073248,morthmannfi@istockphoto.com,4uQFhC5TXW,152-331-1505,61837 Acker Hill
560,Gentil,7622630659,rgentilfj@homestead.com,6juGLfs1,323-794-9973,949 Coolidge Crossing
561,Kift,4168345858,ckiftfk@gmpg.org,zIxxtc,112-284-8314,14581 Ryan Way
562,Leakner,3904755978,gleaknerfl@cbslocal.com,6v6ClNN,406-417-7448,1 Merchant Avenue
563,Goodsir,9771419064,rgoodsirfm@sina.com.cn,Y7jToRDKJcE,584-563-1938,6216 Elgar Alley
564,Pace,0097672017,jpacefn@apple.com,7tpdBHuDjl1,844-857-5433,3 Fairview Pass
565,Screach,6517651926,gscreachfo@narod.ru,sLEsOMRZy,958-290-5714,18 Anthes Circle
566,Pegler,0608637270,rpeglerfp@usatoday.com,qzZf2Wy,976-306-8962,179 Heffernan Circle
567,Collishaw,5476363963,pcollishawfq@xrea.com,NM7A3GJV,326-193-8112,7324 Coleman Terrace
568,Badrick,1113650079,vbadrickfr@slate.com,D3jCWEK4,345-574-3207,80561 Westport Trail
569,Shyram,2286635668,zshyramfs@cam.ac.uk,waKQXZtkT,966-876-7592,46892 Gerald Point
570,Ivanchin,7815652522,rivanchinft@vk.com,kjo4OqmnJ4,703-384-5075,6 Bayside Center
571,Muttitt,4364005231,smuttittfu@bigcartel.com,AWaXf40BC7R1,594-192-4427,665 Canary Trail
572,Bouchier,5288574944,ebouchierfv@nymag.com,7RpxInUUuL,250-714-9215,8 Pepper Wood Junction
573,Dowtry,8941433827,gdowtryfw@reddit.com,9tMLYUf2ULbQ,119-868-0218,248 Westend Court
574,MacAllaster,4295431540,bmacallasterfx@360.cn,YGNxib,933-308-2185,4 John Wall Terrace
575,Marzello,0008727600,smarzellofy@hud.gov,4WLn0A9UF,929-152-7213,4685 Dennis Junction
576,Schoenleiter,9028335986,bschoenleiterfz@google.fr,nF1FCPgMY7,806-980-0542,4 Longview Place
577,Adlington,6098142343,jadlingtong0@360.cn,gK8AGV,971-936-8146,42 Express Park
578,Hurich,1924443635,shurichg1@uiuc.edu,z93FTKUHkOq,272-980-7485,8717 Lukken Place
579,Cabel,0960792457,dcabelg2@nyu.edu,djEJJkKTyDN,311-155-4251,5 Havey Road
580,Thow,2183160373,cthowg3@cocolog-nifty.com,9lruQjw,643-579-8069,61 Vermont Alley
581,Godin,1161843485,sgoding4@miitbeian.gov.cn,a41gVlFlyCQ,137-235-3852,2982 Chinook Point
582,Romke,1346743584,eromkeg5@wordpress.org,eRc2yQ5ZODSE,302-501-7441,924 Sycamore Road
583,Kernocke,8471370980,bkernockeg6@cam.ac.uk,uBThm6KZn,332-974-3259,807 Prentice Terrace
584,Jesson,2357229144,ajessong7@weibo.com,lY0FeGys,873-317-6046,604 Gale Drive
585,Yedy,1557597715,myedyg8@dion.ne.jp,R7rmF44Bwab,492-106-5310,28548 Mifflin Alley
586,Ninnotti,3308717654,aninnottig9@bbc.co.uk,A0FVJSSZBL,402-676-9203,3 Schiller Center
587,Frayne,1513986996,jfraynega@skyrock.com,RiwnXZs,683-242-2065,98275 Westend Hill
588,Cunney,7855199888,lcunneygb@boston.com,jiEct6nn7IE,831-213-2182,9412 Kenwood Junction
589,Renbold,9663865997,arenboldgc@homestead.com,cG9gDh,590-157-0595,00 Spaight Terrace
590,Slee,8350792140,psleegd@shop-pro.jp,dZyxiQym4rX,969-688-7263,693 Beilfuss Pass
591,Belson,8820552035,gbelsonge@dailymotion.com,ITRZal,906-151-5125,34 Bonner Junction
592,Blissett,6170926511,bblissettgf@lycos.com,nRUr1zyyHer3,943-878-2076,03170 Main Center
593,Cockin,0144615762,icockingg@sogou.com,NkXbW8MxTCX,845-175-4504,062 Bartelt Hill
594,Rycraft,8833410145,erycraftgh@pen.io,RQmEy441wy88,211-487-1863,3192 Arkansas Park
595,Fortoun,3645264280,afortoungi@freewebs.com,SU6pq1,594-589-9796,15 Village Green Alley
596,Schindler,0176024751,kschindlergj@wikia.com,bsh9BtY7,571-244-1069,4945 Pine View Pass
597,Craufurd,2952910030,jcraufurdgk@shop-pro.jp,dcj9wsp2,622-648-9406,10 Mariners Cove Crossing
598,Meaders,9690482025,cmeadersgl@wikipedia.org,ilfNEDxuL,661-180-3224,8431 Pond Center
599,Carn,0400980827,bcarngm@cbslocal.com,1CZRXNn,505-279-7157,0506 Schmedeman Park
600,Winterbourne,6636158638,mwinterbournegn@discovery.com,g7DXGtbHyxz,106-362-2092,67956 Veith Hill
601,Wilmut,0491458878,jwilmutgo@123-reg.co.uk,6LbzY4kQYa8b,464-710-7322,503 Eagle Crest Street
602,Studders,8737961756,bstuddersgp@google.com.br,pOcS1K7,211-856-4283,74 Sullivan Plaza
603,Duigenan,0800342011,eduigenangq@huffingtonpost.com,dKuDxL,796-766-3304,433 Forest Junction
604,Durtnell,6105585144,tdurtnellgr@ca.gov,OQuvs2,533-285-5999,184 Butterfield Street
605,Sneyd,7942153649,lsneydgs@google.com,fAdM2CEZP3,590-381-2498,51 La Follette Center
606,Cowton,8840564683,rcowtongt@ft.com,a7LTbqAGI,231-661-3970,4 Clyde Gallagher Junction
607,Wiggin,8635011368,gwiggingu@ibm.com,7aEilP8RHX7,477-284-7240,443 Brown Alley
608,Gascoigne,3431023916,jgascoignegv@blog.com,0bYK5hLp6cL,678-746-2174,3 Londonderry Crossing
609,Goscomb,4177483168,rgoscombgw@odnoklassniki.ru,w90byVhy,836-896-2723,5636 Memorial Pass
610,Hatfield,7031325838,shatfieldgx@disqus.com,TVx4cmr6a2J,551-927-8500,13 Maryland Drive
611,Ody,5554049869,yodygy@jalbum.net,3zabgx,208-729-2186,4942 Garrison Point
612,Bengal,1454953446,mbengalgz@wordpress.com,aM3rMPxc8GPm,757-634-3070,634 Corben Road
613,Farnorth,1103452541,kfarnorthh0@mapquest.com,0N6g6Ijo,318-330-1405,026 Express Circle
614,Poolman,8227623409,fpoolmanh1@arizona.edu,e0K9NNQ5,199-316-0337,3918 Hayes Pass
615,Scotsbrook,5479375180,bscotsbrookh2@latimes.com,dQAyix3l2,173-678-4788,52235 Pennsylvania Lane
616,Carlton,2595975897,lcarltonh3@bbb.org,2ydOykgkjV,459-346-8118,9164 North Street
617,Metzke,1435614127,gmetzkeh4@ameblo.jp,gObuoE0euht,260-620-2645,8 Center Parkway
618,Schaffel,7182510650,mschaffelh5@ovh.net,3GkhXdxgS,765-671-1541,50 Marcy Plaza
619,Keuning,6084047920,skeuningh6@jimdo.com,W2qJMN6GI,989-212-0715,6 Dottie Park
620,Genicke,9978625135,cgenickeh7@newyorker.com,7g1n6Y0vXNN,840-921-8736,845 5th Place
621,Cadore,4679816813,mcadoreh8@bandcamp.com,eqBc6y6,783-200-2903,6 Anhalt Avenue
622,Breach,4368621905,sbreachh9@purevolume.com,LOnfCpWnNw6w,700-742-3036,39 Walton Parkway
623,Calvert,8925608057,dcalvertha@istockphoto.com,NrRQEBfM1ctZ,560-732-0250,8890 Prairie Rose Junction
624,Westberg,1764881915,bwestberghb@jugem.jp,9dI050Bw,835-383-4240,60 Muir Alley
625,Busby,4750205230,ebusbyhc@tinyurl.com,rTPH6luz,494-529-1882,06465 Autumn Leaf Plaza
626,Gainforth,3136705815,vgainforthhd@godaddy.com,7fLhNrW,607-746-1241,8059 Montana Park
627,Van Oort,7585259654,bvanoorthe@fotki.com,oT7XnVu,921-369-8182,18703 Stang Center
628,Piquard,9798460316,epiquardhf@nsw.gov.au,m4abGzBfp,140-821-1265,04976 Carberry Street
629,Ruddle,9602816112,pruddlehg@gravatar.com,6wo685Nfq98,835-863-8389,7 Crownhardt Alley
630,Saggs,8677256407,asaggshh@sun.com,ITRGLOgKWWSw,345-478-1182,17 Bowman Drive
631,McSweeney,5539376765,amcsweeneyhi@timesonline.co.uk,iBijpYmuhpCv,335-939-3178,75067 Roxbury Junction
632,Hellyer,1548592285,khellyerhj@furl.net,zra1RF17w4,934-850-6215,39119 Scoville Street
633,Skepper,6737456294,nskepperhk@goo.gl,sTb3Lv6FO3,195-330-7401,0 Magdeline Hill
634,Long,5544725985,rlonghl@seesaa.net,CzjgLKQsdBn7,541-376-7261,6 Everett Terrace
635,Trowell,8242456283,ttrowellhm@nytimes.com,SaruiNKA1C,532-477-0612,42930 Tennyson Hill
636,MacSween,8551771531,mmacsweenhn@livejournal.com,okd1yOwGvI9,927-865-1059,8 Kipling Trail
637,Bonnett,8594313950,abonnettho@simplemachines.org,R2EvFcZm3,481-213-1072,45 Schiller Court
638,Cornick,2142628443,mcornickhp@dailymotion.com,cEezlmbp,619-417-0989,833 Grover Point
639,Reicherz,3463899000,rreicherzhq@economist.com,i37dGuRiXoEk,197-375-3412,1029 Park Meadow Court
640,Torrisi,2976473765,ptorrisihr@mit.edu,wdkJ95KUJPS5,247-640-9431,64 Hintze Park
641,Ireson,1538872277,miresonhs@who.int,1JA1Y2,343-673-9770,469 Haas Lane
642,Dumini,9003577102,aduminiht@tumblr.com,VpBTXraqtnn0,801-876-9824,53 Bunker Hill Avenue
643,Simacek,0390894958,gsimacekhu@ezinearticles.com,cfp9eM4abS,393-408-8038,6 Brickson Park Point
644,Seeborne,7936225587,aseebornehv@mtv.com,g0vQwyN8b,974-612-0447,15 Park Meadow Park
645,Prisley,7605052286,pprisleyhw@ask.com,0UVVREvs,392-229-9303,13647 Lukken Drive
646,Von Brook,1533559341,nvonbrookhx@google.pl,ndWCJsPaJFf,600-146-9167,4 Tennyson Point
647,Pace,1291297138,wpacehy@yolasite.com,foW9zlr,418-913-5860,39107 Dixon Plaza
648,Quimby,4839570213,fquimbyhz@comcast.net,XgUFMzUH1xN,244-783-0519,9079 Vahlen Hill
649,Van der Kruys,4696792749,pvanderkruysi0@cbc.ca,CNvOvCJabB6,432-584-0762,8 Kropf Circle
650,Brenneke,4236066858,wbrennekei1@tripadvisor.com,MoMxEfp6,713-130-6446,102 Bonner Drive
651,Bonham,1024670732,mbonhami2@smugmug.com,9v1Lyf4o2hqa,913-907-9136,81 Mallory Alley
652,Etock,4596838070,detocki3@unesco.org,rlv1JJ,783-961-2306,8 Steensland Circle
653,Klink,4455796738,bklinki4@squidoo.com,RCOB50VyalA,175-837-7905,442 1st Terrace
654,Charlet,8431985461,acharleti5@sun.com,8OtIPpua,364-383-2546,31 Dennis Road
655,Gasnell,2237065357,ggasnelli6@wikipedia.org,owrtvFu,211-761-6386,66463 Dahle Way
656,Sendley,1990021034,csendleyi7@homestead.com,B5UyF1N2creT,648-267-0071,19515 Monument Circle
657,Arbuckle,2753612897,karbucklei8@sitemeter.com,q9OVI0,765-530-9735,8 Reindahl Lane
658,Stonestreet,8786888919,bstonestreeti9@nih.gov,7W5ejNaq,249-493-2451,55728 Burrows Avenue
659,Borrel,0646512927,vborrelia@baidu.com,sk8Xa0n,109-557-1684,4571 Milwaukee Road
660,Terrelly,3721618823,cterrellyib@skype.com,IBft733,418-487-0234,33 Doe Crossing Circle
661,Lanchbery,3323111397,blanchberyic@netscape.com,myYYFZKDu,787-329-2783,983 Alpine Terrace
662,Hyams,3733282876,thyamsid@pbs.org,6HQq8A,873-394-2675,6029 Glacier Hill Junction
663,Ibbott,4462832876,eibbottie@scribd.com,X6bAFP,419-656-1537,51896 Hollow Ridge Court
664,Kubach,0657766801,tkubachif@de.vu,LuvW8h0zg,582-583-3457,8 Elmside Street
665,Hullah,6657249470,shullahig@chronoengine.com,NeSy2tkwE,719-736-3842,728 Hoard Road
666,Roskelly,1155112148,broskellyih@cdc.gov,Y0ELdPxk,203-640-2458,5 Northridge Crossing
667,Alsina,8979730624,salsinaii@bluehost.com,QoD7Gx8EbMqO,201-436-9534,1 Dexter Way
668,McCaffery,4665478406,tmccafferyij@cafepress.com,M9IqkR,949-246-7615,51 Forest Run Crossing
669,Pietrowski,7129536810,tpietrowskiik@goo.ne.jp,vLqOJf,837-763-3410,3098 Scott Junction
670,Nossent,5344890036,snossentil@un.org,NXwn23IVIrX7,163-777-0634,19906 Doe Crossing Hill
671,Wethey,9854643123,jwetheyim@guardian.co.uk,9wmZUkZAh,911-872-8645,35 Fremont Park
672,Cassely,5358992197,tcasselyin@dyndns.org,rteetiR,331-539-8795,175 Spaight Place
673,Hessentaler,4213388190,ahessentalerio@aboutads.info,MkJgtB,673-883-4031,41 Crescent Oaks Circle
674,Houlridge,0814824676,hhoulridgeip@so-net.ne.jp,ZTGTYJcwojo,841-309-9500,0 Arkansas Center
675,Blethin,1933609141,eblethiniq@senate.gov,yku4jQ5K,507-620-5906,46785 Bartelt Hill
676,Corp,4642509348,ccorpir@booking.com,d83ckNUuy,797-141-0636,38955 Swallow Trail
677,Poppy,2270222164,spoppyis@purevolume.com,UCr0Q2t14p,391-465-2552,2 Westport Drive
678,Pawlyn,8999610918,apawlynit@theguardian.com,bh0ByT2I0eej,563-553-6307,3 Namekagon Avenue
679,Ketchell,3507147661,rketchelliu@tamu.edu,0j70GJNIcx8R,611-237-2436,5 Orin Road
680,Gert,8912550322,tgertiv@dyndns.org,TaYtuKxZ1Nb4,352-280-7598,2 Lakewood Parkway
681,Arkle,4079856911,barkleiw@cbslocal.com,AMYKEXWexp9F,547-391-9819,18957 Bartillon Point
682,Gillice,5595822848,jgilliceix@sakura.ne.jp,MEJsBFx7ivQl,193-952-6526,79 Steensland Terrace
683,O'Sheilds,8833946916,cosheildsiy@walmart.com,c8lDlnClDc,378-438-4142,4 Toban Street
684,Cornilli,9414457240,ccornilliiz@unblog.fr,2s7i7tixp6L,714-584-4099,07 Burrows Park
685,Kluge,7928721155,pklugej0@fda.gov,jv8y2Zo,371-312-9658,4698 David Parkway
686,Fluit,3275797433,kfluitj1@nasa.gov,Qf5tzC79dHV,470-710-0892,1367 Oak Valley Plaza
687,Fisby,4030056520,hfisbyj2@cdc.gov,5zeNZv,643-602-9572,775 Reinke Court
688,McConnachie,1931959846,gmcconnachiej3@wufoo.com,hMYUt0I,403-607-2144,3988 Cambridge Center
689,Veldens,0230870929,eveldensj4@jiathis.com,CLirTfPN,411-775-8720,5164 Buell Lane
690,Poulsum,7710530559,mpoulsumj5@fotki.com,kbE7V4Ux,979-404-5076,0244 Anderson Junction
691,Shellsheere,1029727066,bshellsheerej6@biglobe.ne.jp,MSu4GRP,504-778-2557,41941 Oriole Drive
692,Mish,0908643985,cmishj7@washington.edu,q4UX0DG2QXR,790-320-1441,3 Jay Alley
693,Cardenoso,0788833359,rcardenosoj8@themeforest.net,ANpxCqsBj7W,619-684-4696,92 Elka Point
694,McKellar,4188305797,nmckellarj9@virginia.edu,uvXrnyW,173-362-7391,0 6th Point
695,Rodder,8166081628,brodderja@webnode.com,4c4KF77lB2i,427-847-8150,18649 Kensington Center
696,Arndell,2758325144,farndelljb@redcross.org,Jb1Zvq8V,529-839-2376,472 Forest Run Parkway
697,Aldwinckle,5014385559,caldwincklejc@chicagotribune.com,bWCm7Wpmu,182-553-1419,6489 Dawn Alley
698,Makiver,9463676120,nmakiverjd@rambler.ru,pHa3KYla9,969-109-5292,5 Fieldstone Court
699,Kinastan,2399628799,tkinastanje@ocn.ne.jp,qL7EyqA,963-716-8646,87 Melody Junction
700,Balam,2708103741,bbalamjf@guardian.co.uk,cw9OaC,813-197-5476,32401 Ohio Avenue
701,Vinecombe,2949604528,pvinecombejg@marriott.com,5jnGwa,991-442-2268,7740 Loftsgordon Hill
702,Nuton,2877780732,rnutonjh@bandcamp.com,p6RUOI0oLgZv,323-256-4350,1983 South Place
703,Euler,0566980614,jeulerji@springer.com,QeRXRj,175-206-3729,4 Lillian Pass
704,Aggs,6679039665,maggsjj@seesaa.net,BNOA7ykzpBW,120-488-0741,7 Fremont Drive
705,Piccop,6121300957,ipiccopjk@cafepress.com,297fRo4PmZ7M,917-682-0259,967 Eastlawn Point
706,Harriott,2451657650,bharriottjl@businesswire.com,x2ei5DW5Kmr,878-540-6071,0 Cambridge Circle
707,Beaty,6939448314,bbeatyjm@google.co.jp,NnzIgZ,543-848-5774,95 Ramsey Center
708,Proctor,9562308227,aproctorjn@usatoday.com,RtFaMP5DIfVl,695-967-7705,23280 Canary Pass
709,Monte,7711890281,mmontejo@google.co.jp,UAgByY0p,698-361-9897,578 Hansons Lane
710,Baskerfield,7479391412,abaskerfieldjp@spiegel.de,46OSplW4oQ,559-681-8113,141 Morningstar Drive
711,Antonin,1997078368,santoninjq@desdev.cn,GbtCMj3,978-533-3210,64881 Holmberg Plaza
712,Scroxton,6410500866,mscroxtonjr@ehow.com,DuKyOH9,829-100-9755,463 Carey Junction
713,Ahearne,7110918831,vahearnejs@mozilla.org,207tro4621M,376-768-7270,8 Annamark Park
714,Hirtz,2642155838,rhirtzjt@squidoo.com,3OXFEHadn,387-846-5437,0 Maryland Street
715,Coley,0042167035,mcoleyju@spotify.com,r4xdt1mY5Vx,998-545-3616,0940 Dottie Lane
716,Johnstone,0749996757,ejohnstonejv@java.com,YcCNKVspzH8T,440-100-3589,3557 Monument Road
717,Cheel,3356148060,acheeljw@paginegialle.it,ZOcqd6,781-375-7243,28 Loftsgordon Place
718,Everitt,8827998861,peverittjx@dot.gov,dY3d7He22,497-830-4219,8696 Tony Way
719,Owbridge,9931352094,lowbridgejy@statcounter.com,vByODQzf,518-629-4177,68 Kenwood Terrace
720,Kobera,3378056630,jkoberajz@icio.us,KBPiiPGiSYQP,224-141-6807,2618 Memorial Place
721,Hellmer,1005762392,mhellmerk0@ustream.tv,w3pvQaE,152-792-8789,52 Talmadge Way
722,Loton,7769613140,blotonk1@fema.gov,3ospejP,738-329-5460,33149 Ramsey Circle
723,Varns,0517401169,mvarnsk2@netvibes.com,ptTQvO9C1,368-205-2541,491 Elgar Terrace
724,Lightowlers,0666887675,flightowlersk3@bizjournals.com,7Dhrpzv5j,951-744-9063,75092 Jenifer Avenue
725,Betun,7092969190,dbetunk4@com.com,OR23JC,344-871-2729,70 Oriole Circle
726,Fundell,8490937249,bfundellk5@spiegel.de,hR45KXJApAF,302-155-1654,24506 Village Drive
727,Dewbury,9088551995,rdewburyk6@hatena.ne.jp,MC1YwT,966-964-0508,5 Anthes Park
728,Headly,6470756689,bheadlyk7@skyrock.com,Ylnzmh,675-807-6628,6607 Loftsgordon Drive
729,Drewett,8592486696,hdrewettk8@oakley.com,9rzceXyika,818-153-1007,2 Everett Court
730,Huge,4822210669,ghugek9@google.pl,9Hi1DJTU8PQ,360-573-1569,98813 Cody Hill
731,Tym,5972476029,stymka@admin.ch,LYgrSNiLQFi,230-492-7887,272 David Junction
732,Lebrun,2410623360,rlebrunkb@pinterest.com,zNCFyk,444-686-1406,3659 Village Avenue
733,Hamby,2346223379,bhambykc@yellowpages.com,6arlWetTJj,137-567-3214,341 Prairieview Drive
734,Sleit,5706945586,ssleitkd@patch.com,uOCqbfn,929-164-4583,2 Judy Crossing
735,Dubock,3803991064,ddubockke@wordpress.org,gNCnjQ99n9l,737-128-6385,66 Grover Crossing
736,Fumagall,2525318641,mfumagallkf@tumblr.com,gVMEsz0Z,220-458-1801,439 Crownhardt Trail
737,Winmill,0677761252,lwinmillkg@msn.com,roirfvVJe,701-855-3825,7775 Stuart Street
738,Schultz,0197823165,rschultzkh@g.co,PwK6Dgh902JM,840-757-6302,1122 Manufacturers Parkway
739,Gingle,4184976514,ggingleki@aboutads.info,bK3Dnx,119-748-3259,52602 Hoard Road
740,Chinery,7191562722,jchinerykj@hp.com,mhRlN81Fo,790-817-6271,4 Sheridan Plaza
741,Bernadot,3373156696,sbernadotkk@biglobe.ne.jp,Xy398MoQ84G,699-741-4839,80 Chinook Lane
742,Shackleford,7002289144,cshacklefordkl@seesaa.net,Cuj4anGpm,841-283-2620,0 Anthes Plaza
743,Gifkins,4145898184,vgifkinskm@people.com.cn,pilulkjuGDEB,145-579-2623,77 Eagan Lane
744,Pimlock,4857695332,bpimlockkn@hatena.ne.jp,pkvaR8,250-367-1209,0020 Glendale Center
745,Linsley,8412994795,qlinsleyko@redcross.org,dDqLj1,245-401-9904,521 Prairieview Plaza
746,Moore,7642484542,jmoorekp@spotify.com,8pDT5zxZj,964-507-1924,4720 Bowman Hill
747,Akehurst,8853987561,makehurstkq@google.com,hheMAKnpan,770-669-4709,94386 Nobel Park
748,Grinaway,4355304450,ugrinawaykr@csmonitor.com,BrUWnsB,904-544-1313,499 Crescent Oaks Alley
749,Spears,4432846992,jspearsks@squarespace.com,U0usKb3,107-249-1441,86527 Bowman Drive
750,Scowcroft,0910117675,ascowcroftkt@smh.com.au,v2Y2kY3cVh,359-894-0560,5 Evergreen Street
751,Bairstow,8008863587,sbairstowku@shutterfly.com,mQ3uSbQUwC,343-642-3597,147 Morning Point
752,Rozet,0316094854,frozetkv@artisteer.com,RRFtTpm2Q1,308-174-1957,5 Mitchell Court
753,Brolly,9452797436,ebrollykw@time.com,0HUU60NO7FD,303-743-4800,24171 Sommers Road
754,Hindsberg,6608002505,rhindsbergkx@spotify.com,SPpYOmUOfZu,933-503-0920,622 Oneill Terrace
755,Swayte,4235986872,cswayteky@tmall.com,GzeG07k2ZSjF,287-360-1910,6 Muir Junction
756,Aronov,7920233704,aaronovkz@reuters.com,kub9yAd3t2ZK,920-574-9189,44676 Acker Alley
757,Galer,2961273587,mgalerl0@noaa.gov,kd4idDb,870-175-8061,71266 Lighthouse Bay Hill
758,Rizzini,4959249498,nrizzinil1@ca.gov,5xziFwkjh,188-310-9437,7 Pennsylvania Way
759,Jonuzi,3116908346,ajonuzil2@wordpress.org,IXSyfQ724,310-474-3848,998 Haas Place
760,Coxon,4102793437,bcoxonl3@privacy.gov.au,mfhZrl,639-216-0373,372 Farmco Avenue
761,Hollier,5748581248,khollierl4@illinois.edu,1SjZCIKaag,354-103-8253,513 Grayhawk Road
762,Haygreen,0665092474,fhaygreenl5@nymag.com,wFcSkW9PRJo,690-808-1301,56 Coolidge Lane
763,Gault,3044051843,egaultl6@sourceforge.net,MhcVpec,830-346-1750,2 Hudson Place
764,Crankhorn,1960401238,icrankhornl7@themeforest.net,tUpm34nE6gSv,999-608-9011,475 La Follette Lane
765,Foucard,0580243680,lfoucardl8@diigo.com,FLxXISz4z,756-512-8143,244 Dovetail Terrace
766,Trewhella,3680401124,strewhellal9@pcworld.com,wfLgjFQCMTx,209-769-8712,1 Vidon Parkway
767,Powers,0348979711,jpowersla@cocolog-nifty.com,n61NKvY,788-848-4454,14 Cascade Alley
768,Dawidman,2732372676,adawidmanlb@vinaora.com,5wVpasexuZF,388-727-5611,3 Warbler Hill
769,Habbert,3486885685,lhabbertlc@blogtalkradio.com,M30GmE,717-932-8262,07 Little Fleur Street
770,Hastilow,8806580868,shastilowld@netscape.com,jzlP17EfiVYL,581-405-5969,7 Fairview Terrace
771,Draycott,2654496872,tdraycottle@gizmodo.com,lT7CBEn79r,433-184-1470,1980 Valley Edge Street
772,Formilli,4566623661,qformillilf@indiatimes.com,SyML1LKB8,690-871-0532,77 Hanson Place
773,Hadley,6760207637,bhadleylg@blogger.com,cdNsLEAUFS,456-834-3573,1 Portage Center
774,Roffey,3954601605,croffeylh@upenn.edu,vgngfeV26l,210-447-6332,23932 Norway Maple Street
775,Kirkman,0344830764,ukirkmanli@bloomberg.com,ssqW73xsvPV2,960-679-4893,88 Jenifer Plaza
776,Timmis,2684742839,ptimmislj@rediff.com,ySdrj6Ugp,334-912-9317,14 Cardinal Hill
777,Booth-Jarvis,5617499491,kboothjarvislk@si.edu,XiV3swKgO,640-921-6348,38818 Sloan Court
778,Undrill,2387839919,fundrillll@answers.com,CSRDH8C,684-587-0023,7190 Holy Cross Drive
779,Botler,5360586540,lbotlerlm@msn.com,SeP2uUov,259-320-9810,1 Pepper Wood Avenue
780,McClenan,8810575334,smcclenanln@unblog.fr,TZa7QIyqu5w,186-925-5729,27493 Pennsylvania Junction
781,Prayer,2119730563,rprayerlo@cbslocal.com,H2ekkKIm9,995-771-8491,6 Banding Terrace
782,Daniello,5151972340,jdaniellolp@paginegialle.it,nR9qZXSS,942-507-3012,286 Buhler Way
783,Clotworthy,7376369295,fclotworthylq@theatlantic.com,ckhsgl,281-524-2465,18 Northwestern Street
784,Tapp,2354982534,atapplr@simplemachines.org,mbigDD,965-549-8014,35339 Cascade Alley
785,Annakin,9455875330,dannakinls@mtv.com,PPD58MqXtp,600-872-9839,44 Summerview Drive
786,Yurasov,0795546866,vyurasovlt@xrea.com,XXaJy85c,128-390-5597,9126 Helena Trail
787,Peres,9348806955,apereslu@spotify.com,MRdvwbGpz,211-454-9950,3476 Dapin Junction
788,Carnegie,6417231852,ecarnegielv@hp.com,3BwwYBuiaIe3,930-948-0867,477 Tennessee Way
789,Glowacz,8451265871,hglowaczlw@flavors.me,0aTIQsu2DW,803-105-7474,218 Waxwing Park
790,Bruneton,9195995110,fbrunetonlx@photobucket.com,gq3G6IoGUR,832-215-0082,857 Carpenter Drive
791,Kimmel,1124977686,ykimmelly@ning.com,A6ak1ZF1wGiM,700-527-2786,69 Lindbergh Pass
792,Zielinski,1803387173,mzielinskilz@dion.ne.jp,uhXckh0HE6Lc,805-677-0240,78 Moose Crossing
793,Rigardeau,9602835958,erigardeaum0@nba.com,7axjR3W,692-712-5785,44766 Gulseth Park
794,Bradbeer,6082138198,cbradbeerm1@alibaba.com,v5FFn6,990-210-8519,03175 Ruskin Street
795,Creasy,5301079530,rcreasym2@wisc.edu,yrMvGAgXExNu,166-579-5639,6 Corben Parkway
796,Goly,8301599634,ogolym3@cdc.gov,XCGubqVXK9tm,868-149-5660,5 Oxford Court
797,Chorley,7532016307,rchorleym4@xing.com,7adlKEcG,274-619-0539,8661 Northport Alley
798,Verdy,3090069318,averdym5@mail.ru,9o7HYKUTKQ,625-313-0798,7594 Bowman Drive
799,Iskowitz,2754049185,miskowitzm6@dot.gov,VtjrWxM,797-628-2421,938 Hallows Parkway
800,Fannon,9714385393,rfannonm7@4shared.com,4HDGKmbiyIi,844-898-2874,89 Mayfield Drive
801,Pover,9946667371,dpoverm8@hp.com,ewTqG8jSYHW,967-422-6964,96350 Crest Line Way
802,Disley,0618853928,tdisleym9@slideshare.net,SQPWLXjdbCvg,809-548-0046,5 Tennessee Court
803,Leport,1426415141,aleportma@gnu.org,8B9b227,136-439-3171,6 Burrows Trail
804,Tchaikovsky,6090103721,rtchaikovskymb@gnu.org,P90a3JrcAcOO,867-297-4184,994 Maple Trail
805,Gorick,8442044418,ggorickmc@ftc.gov,vs0FH27pErJ,537-149-6785,22396 Menomonie Trail
806,Matejic,6661487135,rmatejicmd@amazon.de,10yqYno1x6,913-833-4276,4 Ramsey Park
807,Whyteman,0692752390,lwhytemanme@newsvine.com,3eUwoc,810-756-7642,7253 Clemons Pass
808,Glandfield,0415091691,tglandfieldmf@live.com,HCvnGCwB,875-171-6702,06 Sachtjen Parkway
809,Tremelling,0996905537,ltremellingmg@gnu.org,Bx0f03N4S,313-652-9827,6 Bunker Hill Drive
810,Gouinlock,1720184119,jgouinlockmh@jiathis.com,N1wVRt,388-208-0282,5 Park Meadow Drive
811,Foulis,1685374522,gfoulismi@washington.edu,4SeN2Xbqs3,190-261-9484,7698 Glendale Crossing
812,Whaplington,6722503712,lwhaplingtonmj@sourceforge.net,Ysek1PfQ0SCR,235-227-8077,53 Petterle Lane
813,Shiril,0808516000,ushirilmk@mozilla.org,2jAlwn,798-313-6441,2891 Harper Point
814,McAlpine,9307897808,jmcalpineml@theglobeandmail.com,QAtcLOrn5,145-302-9992,0 Reinke Street
815,Puckrin,0685753980,mpuckrinmm@harvard.edu,j9mYdG,832-781-0932,957 Shelley Center
816,Mogford,4248522276,hmogfordmn@ca.gov,yt0Tdj03P,112-139-8285,597 Becker Park
817,Sabates,4677588546,psabatesmo@army.mil,ZYtCYMYk6Z,562-726-5166,9469 Corben Road
818,Endean,1063287170,cendeanmp@marketwatch.com,o30wCYiGc,836-173-3951,93 Quincy Court
819,Goricke,7969126456,dgorickemq@scientificamerican.com,2ykCjq9BS33,498-888-4299,3915 Center Crossing
820,Cowperthwaite,8569189834,bcowperthwaitemr@blogspot.com,OD7xRW,308-729-8397,193 Messerschmidt Trail
821,Job,7386419333,ajobms@google.com,ID5ujqM,901-124-7367,61 Pine View Circle
822,Crowch,8923223751,tcrowchmt@tinyurl.com,VBCJGGbhOU,153-932-5474,44 Center Terrace
823,Sherlock,7893040297,csherlockmu@exblog.jp,sxvLvFLmU,619-825-0571,8 High Crossing Crossing
824,Sherrington,8336828788,msherringtonmv@smugmug.com,AZWK5lvdu,960-584-6929,6105 Larry Terrace
825,Dederich,8862189389,pdederichmw@ebay.com,LFnY3J3f,431-409-6627,72788 Iowa Circle
826,Archdeckne,9094960818,barchdecknemx@bbb.org,BoM0RdxMzU,186-543-9581,35576 Fremont Circle
827,Peerless,2944559419,mpeerlessmy@ed.gov,qhikvMztbdgJ,324-811-5250,5098 Declaration Trail
828,Graybeal,9713022920,ggraybealmz@qq.com,OUHDHbGly,588-988-3355,5847 Colorado Drive
829,Laurant,8906902425,blaurantn0@tiny.cc,66XEKXy4k4Pl,848-675-2632,0763 Corscot Drive
830,Greber,1311155503,rgrebern1@samsung.com,EKDDVBO,605-303-8778,4 Bluestem Drive
831,Abrahami,5491221880,eabrahamin2@chron.com,3mg6L43Zbtk1,154-317-7175,5525 Montana Way
832,Adamczyk,3988045500,gadamczykn3@prweb.com,mXKH0QB7,762-422-3471,3 8th Street
833,Wilton,1490369007,fwiltonn4@smugmug.com,Hr8lfUkbinzL,968-110-8069,9 Green Ridge Hill
834,Yeoman,1190820455,kyeomann5@wikipedia.org,3kGqkjXvT8,219-784-6046,46 Scott Crossing
835,Mabbutt,3349266932,fmabbuttn6@hhs.gov,Y7hSCZ4tOyh,499-587-4456,851 Fuller Circle
836,Wilkisson,6402980862,gwilkissonn7@nih.gov,Wf6DW1VKN76Q,919-367-5672,26 Londonderry Parkway
837,Blint,0662020197,sblintn8@wordpress.com,cm1Vy8,194-149-5853,1679 Onsgard Lane
838,Abthorpe,4603853475,gabthorpen9@europa.eu,cS9Gb9qDpMRC,926-895-0818,825 Warrior Trail
839,Ludvigsen,9618776107,mludvigsenna@bluehost.com,tDh5sHNr0e,499-383-4396,99044 Mallard Place
840,Serjeant,1386203572,jserjeantnb@usgs.gov,WSSfKCQokl,940-894-1998,0493 Hudson Court
841,Patinkin,8531782775,ppatinkinnc@t-online.de,8yWxsfrW0,751-779-6632,0711 7th Point
842,Challin,9397550977,gchallinnd@com.com,d7jz76,276-648-4556,7837 Hauk Parkway
843,Axten,3489995538,gaxtenne@deviantart.com,k0wwYz4W,859-373-3499,7 Warbler Junction
844,Aleksankov,6314355958,aaleksankovnf@netvibes.com,UV8KJy6SN7C,445-126-9981,49 Lighthouse Bay Lane
845,Woof,6606294681,wwoofng@wikimedia.org,cJtQFZUfU,410-779-0641,12441 Mifflin Road
846,Reven,9158754024,brevennh@xrea.com,uKFojnoIvsG,888-469-8938,04 Oxford Parkway
847,Avrashin,5088018193,davrashinni@newsvine.com,AM6Q4La,861-894-0054,231 Clove Drive
848,Sutherley,2444864166,osutherleynj@plala.or.jp,1e4gwj7,967-510-8085,29172 Norway Maple Way
849,Macourek,8889300051,rmacoureknk@networksolutions.com,6ZGYfxQkF,901-408-3833,08950 Ramsey Lane
850,Rider,0123295017,oridernl@php.net,J7tchavsq,193-120-1789,6591 Birchwood Alley
851,Alderwick,9777320728,salderwicknm@netlog.com,xR1aaYwdxqmr,165-337-6294,39 Delaware Road
852,Scrigmour,3765445649,hscrigmournn@princeton.edu,BkMYk7w2s,394-370-5541,282 Burrows Road
853,Wherrit,3431807550,kwherritno@edublogs.org,PWQ4UMGaH,246-901-5545,29 Scoville Court
854,Schuster,4025259001,aschusternp@nps.gov,rysErf7BO8,120-764-9223,69261 Canary Point
855,Pelosi,1283076144,rpelosinq@auda.org.au,fwrsml6My,295-665-2412,5172 Killdeer Lane
856,Charity,1014283639,gcharitynr@prweb.com,9sqhYxZS6w,155-721-8663,83 Columbus Street
857,Lissemore,1776406834,slissemorens@berkeley.edu,rv2JDKPOfvR,792-608-3410,8 Summer Ridge Pass
858,Hinksen,1875606785,whinksennt@indiegogo.com,I5U4xJ,383-914-9334,46 Chive Point
859,Ralling,2594095001,mrallingnu@usgs.gov,gczl8nF9ktOU,318-246-6999,669 Dryden Point
860,Scandwright,1892050005,hscandwrightnv@is.gd,6gimxc8D,308-345-3744,093 Bultman Place
861,Moulin,2459366094,fmoulinnw@sourceforge.net,MQC1U5LazaR,835-106-3882,817 Butternut Junction
862,Armour,8010092924,darmournx@devhub.com,M80j4CMgqS,768-145-9105,57 Arizona Junction
863,Fairham,1916225535,bfairhamny@smh.com.au,c78rBSvkvtDl,822-569-3162,380 Randy Avenue
864,Ledur,1828337315,kledurnz@hatena.ne.jp,se53mfDc,519-611-3857,35 Iowa Hill
865,Gayle,5629407317,cgayleo0@goo.gl,qRYpL5jD,211-226-8418,69 School Trail
866,Allgood,1179865758,fallgoodo1@ft.com,dElv4DQqXDR,660-479-0296,00 Merchant Lane
867,Boon,2007905930,sboono2@slashdot.org,RhibKEzqixZo,560-700-0652,7 Walton Alley
868,Carrivick,0413123790,scarrivicko3@webeden.co.uk,yYlzINQJI,809-954-9144,4936 Clove Court
869,Bonnyson,1971169900,tbonnysono4@omniture.com,W2ZBQSGENE,709-371-5954,21 Walton Trail
870,Pearne,9618835901,apearneo5@who.int,13n7at,391-246-2422,65393 Muir Alley
871,Kleinpeltz,1566347246,bkleinpeltzo6@psu.edu,3paYJB,106-479-6786,7 Roth Court
872,Jervois,2153289211,hjervoiso7@wikimedia.org,6pHlhXRb,492-220-8455,256 East Junction
873,Kapelhof,5655786060,ekapelhofo8@blogs.com,qua5velvt5ry,497-389-2832,4 Mcbride Crossing
874,Sherr,1963700325,msherro9@amazon.com,HSxiIDb,598-864-1188,9258 Larry Way
875,Churchward,9159236736,schurchwardoa@liveinternet.ru,9dHUrmQ2G,404-594-2104,0507 Lyons Trail
876,O'Fallone,7913370718,dofalloneob@pcworld.com,l7AOIrOzdVg,805-910-6771,21 Trailsway Point
877,Menauteau,0636628051,bmenauteauoc@google.com.br,DVuow9J8Ac,218-612-3385,17 Meadow Ridge Terrace
878,Besse,4476703488,rbesseod@networksolutions.com,GoOixUtnSV,106-487-6424,389 Jana Center
879,Mithan,9500048027,emithanoe@lulu.com,TVcomlIA,670-290-2552,11 Londonderry Pass
880,Curnow,5278823496,jcurnowof@washingtonpost.com,vfW97VjD,256-156-4300,97595 Lighthouse Bay Center
881,Lippi,3838643836,slippiog@sina.com.cn,IzpocvMP,158-142-7507,71 Lakeland Junction
882,Yeoland,3563976325,byeolandoh@bigcartel.com,7sg3veokJ,178-184-4374,6 High Crossing Junction
883,Denial,3796365566,ddenialoi@tiny.cc,0jux14,359-477-3892,539 Jackson Lane
884,Djekovic,9149818961,hdjekovicoj@unc.edu,JFNQ7GI0lvl,981-895-0597,8863 Browning Drive
885,Fendt,0230990916,sfendtok@bandcamp.com,4WpVrp8x1L,524-167-5047,0609 Summer Ridge Drive
886,Drohan,4449508688,rdrohanol@reference.com,WCoC6a,660-177-2725,65 Becker Hill
887,D'eye,6989184701,gdeyeom@nbcnews.com,EMqvlRHT3NlN,509-602-0014,41767 Old Shore Avenue
888,Arro,3798988692,harroon@google.es,UqharesnH,897-783-3978,4727 Mendota Court
889,Lodden,2007023512,dloddenoo@nature.com,DhWM2oB,935-472-3171,7 Michigan Center
890,Overpool,1044252723,moverpoolop@aboutads.info,FSCKYmYJGxG8,646-903-5528,36 Grim Point
891,Portigall,9756439750,aportigalloq@ow.ly,9LFOxJjTvc,958-687-1894,4 Westridge Plaza
892,Cantos,9854069850,hcantosor@fc2.com,aeiHo1t,184-510-5403,9374 Dakota Road
893,Imlach,2983894665,rimlachos@ibm.com,RKpFHP1RuN,443-270-5650,8 Katie Parkway
894,Immins,6093912043,simminsot@disqus.com,k8myl34i4ITx,442-147-5418,6086 Laurel Crossing
895,Yankov,7102173741,xyankovou@illinois.edu,JwAiiJHHtk,985-872-0076,052 Farwell Junction
896,MacDermand,0154584002,kmacdermandov@nsw.gov.au,hKKvg76qkX,159-118-6609,07 Knutson Way
897,Keinrat,7907312787,ekeinratow@prlog.org,2CO4NsFBj1i,485-716-4456,22975 Fulton Place
898,Trott,3761314213,gtrottox@google.cn,SImNwWuB,700-687-2190,16 Westend Alley
899,Cosstick,4352237876,tcosstickoy@wikispaces.com,Js2NX264n,800-370-9371,498 Reinke Court
900,Pignon,5001101603,mpignonoz@ihg.com,wFyUZDXkFRvd,173-551-5304,3122 Columbus Crossing
901,Dagless,7372676266,kdaglessp0@usda.gov,Y9NJgXB,390-891-3609,68436 Grover Alley
902,Pentlow,8943453116,gpentlowp1@blog.com,2cePgRq5EF,681-678-7123,0 Stang Plaza
903,Doche,2126499146,ndochep2@drupal.org,QPBFl5,554-275-9977,45 Anthes Parkway
904,Ben-Aharon,7314691711,bbenaharonp3@unc.edu,RlTvf0ecPcdR,812-740-4753,63 Bobwhite Junction
905,Summerill,3800910160,bsummerillp4@amazon.co.uk,dxrwGF,845-438-2256,97 Bay Court
906,Mila,8688645809,lmilap5@redcross.org,Li9knkT,223-946-3808,4607 Menomonie Terrace
907,Sculpher,5386108697,hsculpherp6@dell.com,ZSI3VTnPMfo,583-222-5622,58 Elka Crossing
908,Inglefield,5645235053,binglefieldp7@cargocollective.com,XQI7j8y4LEg,454-480-6152,90596 Nobel Court
909,Fanthom,3848826216,afanthomp8@opera.com,DY1iHz,412-264-6583,31 Marquette Circle
910,Grimwad,0822768348,hgrimwadp9@sphinn.com,qqyxImQ7,151-957-6569,70741 Transport Hill
911,Rowsel,9759755904,krowselpa@oracle.com,N233pA5c5,473-366-4652,68 Tomscot Road
912,Rosson,0544430123,mrossonpb@canalblog.com,esLYHbMHUgN,590-548-2013,917 Northport Trail
913,Onians,8854806293,donianspc@xrea.com,pkgp0OwWR,504-726-2406,7956 Westend Junction
914,Poland,1401686788,bpolandpd@blogspot.com,aQwkgIWFu,649-351-7349,70 Bayside Alley
915,Fermin,6327994822,bferminpe@goodreads.com,fA3WCqtB908M,589-608-8389,96118 Delladonna Lane
916,Gorcke,4627384394,ggorckepf@odnoklassniki.ru,60BBJa1,582-777-3399,5 Hoard Circle
917,Issitt,4491161518,missittpg@fastcompany.com,OJTC5G3yopQU,286-108-1149,04071 Hauk Pass
918,Maytum,0552411876,nmaytumph@squarespace.com,4XTTh6I,802-489-7189,04045 Stang Lane
919,Watterson,3837184471,lwattersonpi@usatoday.com,0MZVGbg,368-865-6771,0 Mariners Cove Hill
920,Ambrosch,8448638468,aambroschpj@google.de,2utvyEkJPjs,664-950-4688,10 Briar Crest Pass
921,Ciementini,4239394708,hciementinipk@epa.gov,COt6eqr,724-642-3851,1324 Buena Vista Place
922,Shellard,0047540591,lshellardpl@elpais.com,bZ8xyqKmNyn,323-266-1618,5 Kings Crossing
923,Loughead,7942130975,clougheadpm@virginia.edu,gqJjDGd4IXG,399-810-5649,0660 Arkansas Center
924,Maden,6263319275,gmadenpn@springer.com,xYsxya0redqr,284-501-1049,5887 Welch Parkway
925,Winsom,4404374801,jwinsompo@nbcnews.com,Khazsfw,394-229-4377,9899 Dryden Court
926,Driutti,8508379633,bdriuttipp@cpanel.net,drSKMha,805-895-0378,60 Golf Course Hill
927,Simecek,1711259683,jsimecekpq@bloomberg.com,nIprntS,970-696-3031,651 Kropf Hill
928,Kleinhaut,1156454026,skleinhautpr@sina.com.cn,lTUibNONl,359-854-5515,242 Sutherland Avenue
929,Klezmski,4658012219,cklezmskips@java.com,L9mdYDUG7CX,119-668-5696,84018 Susan Street
930,Fairhall,8683258718,ffairhallpt@sphinn.com,cW9knm124b,266-871-4941,051 Union Pass
931,Beche,6490154285,jbechepu@theatlantic.com,oP9GxlannX56,479-974-1351,8485 Old Shore Park
932,Jeal,1619976137,gjealpv@w3.org,PSmpgfvE,657-101-4839,8 Scoville Lane
933,Collcott,5405660434,scollcottpw@webnode.com,auJnpFCWRxS,948-774-5150,74329 Hauk Point
934,Cressingham,2196149756,scressinghampx@skyrock.com,l4W9KcRgMKJ,653-396-1433,3232 Little Fleur Terrace
935,Januszkiewicz,1414867786,sjanuszkiewiczpy@sitemeter.com,m66aWS,931-499-5639,0 Mcbride Hill
936,Mattedi,9101234781,kmattedipz@nymag.com,6eL8fuY,691-122-4995,9 Mockingbird Circle
937,Auld,9681890000,bauldq0@homestead.com,S39o42metATo,856-927-4402,997 Grayhawk Alley
938,Platfoot,4560282218,eplatfootq1@nyu.edu,44vpKJ0,917-583-8239,1636 John Wall Center
939,Rummins,5594743022,mrumminsq2@earthlink.net,YXTVLX,116-730-3316,3114 Emmet Street
940,Sarfass,4624753119,lsarfassq3@irs.gov,LCmdrr1DYS,971-798-9345,229 Tennessee Pass
941,Wingeat,0497229900,nwingeatq4@hatena.ne.jp,uSK8W9nV50Z,311-432-2831,8384 Onsgard Way
942,Skala,9394189785,rskalaq5@stanford.edu,OP0yJf9W7E,368-468-5603,188 Birchwood Terrace
943,Taplin,8222026925,etaplinq6@aol.com,3vPjk4Q,516-146-9954,1 Dayton Point
944,Scocroft,2121171908,bscocroftq7@fastcompany.com,S1IFako,288-562-1108,57 Golf Course Pass
945,Wreiford,9659096135,lwreifordq8@admin.ch,bKCTrfHr7oL,108-163-8008,4028 Weeping Birch Alley
946,MacFie,1362999482,hmacfieq9@imdb.com,C3nNJEJanvbY,463-567-3890,928 Muir Street
947,Halso,3699460665,ahalsoqa@businessinsider.com,2tGC0llMa,878-909-8586,5 Drewry Center
948,Snawdon,9069898152,usnawdonqb@slideshare.net,TWebPIsXg,649-785-7773,30 Orin Avenue
949,Sinnatt,7103639531,nsinnattqc@telegraph.co.uk,l5LcqSV,794-802-0157,9199 Sullivan Junction
950,Badby,7629150598,jbadbyqd@economist.com,bF9JVpS8eX6k,189-279-6600,116 Valley Edge Place
951,Gunbie,3550278217,bgunbieqe@state.gov,Q6oOx1k9,132-824-3671,63 Village Lane
952,Trengrove,3391743301,etrengroveqf@boston.com,y4VVCV,753-879-1021,1147 Badeau Lane
953,Blabie,5317408539,ablabieqg@topsy.com,xxYILJlWN,974-868-5472,143 Ohio Crossing
954,Smitherman,3008402763,asmithermanqh@bigcartel.com,f6HG1X,363-983-3458,88 Waubesa Plaza
955,Lias,5607118908,bliasqi@tmall.com,LODhwJ,900-705-6521,4 Monica Pass
956,Goslin,9568080708,jgoslinqj@pcworld.com,aKxbGJ7,417-110-2811,641 Iowa Avenue
957,Hoyer,2069787508,mhoyerqk@hubpages.com,PvFuJp1yT,951-793-9930,9 Fremont Pass
958,Mattea,2486238700,cmatteaql@admin.ch,FIMA0c9rA9zg,160-831-7629,32 Marquette Court
959,Twoohy,7982289363,ltwoohyqm@nps.gov,HJdk5262xw,217-805-5756,93 Spaight Place
960,Feare,7167542075,ofeareqn@about.com,AMaloqaa7uo8,897-187-7781,0 Montana Road
961,Roskeilly,3676650808,jroskeillyqo@webmd.com,uALgJTwM,886-801-8933,970 Muir Avenue
962,Hauck,6934544846,whauckqp@ebay.com,NCDri4ZUs,563-889-0381,2 Clemons Avenue
963,Martynov,7109486273,gmartynovqq@wisc.edu,H813q0,104-133-3794,6940 Macpherson Circle
964,Tottman,2489711962,ctottmanqr@mapy.cz,fXcSMk,997-261-4462,497 Lunder Terrace
965,Laker,3338398808,llakerqs@ca.gov,i4FtWyYOtwK,784-408-2750,1 Moland Place
966,Jakubowski,5968652063,jjakubowskiqt@amazonaws.com,59Y982GS,481-644-9994,6653 Briar Crest Way
967,White,6663260316,nwhitequ@wix.com,GErRnoe,639-132-7875,5860 Merry Court
968,Cypler,1978745206,acyplerqv@scribd.com,cFTTuME,949-342-6608,94 Mayfield Place
969,Mewis,0671108840,mmewisqw@edublogs.org,1Ec3K2,178-952-4198,243 Dixon Junction
970,Grainger,7322636627,dgraingerqx@ezinearticles.com,y0jEaG,419-207-9033,4 Golden Leaf Place
971,Hulk,6352275435,ehulkqy@japanpost.jp,htQxeBE,930-418-4120,5 Union Junction
972,Cowans,4652013353,jcowansqz@paypal.com,6nkhD4,400-257-3083,3 Gina Circle
973,Maher,1608001415,smaherr0@paginegialle.it,DNgy8Tg,471-275-8278,9 Prairieview Parkway
974,Bankhurst,6508575333,mbankhurstr1@youtu.be,0L3MimKftn,772-568-4970,0584 Northland Avenue
975,Rennebeck,5446140273,frennebeckr2@dropbox.com,mSZ17sTa7pWI,417-856-9136,94 Superior Center
976,Skuse,0044723466,iskuser3@apple.com,9K0dHsEB0kiS,254-758-1604,9 Nancy Trail
977,Hanlin,7124175801,lhanlinr4@yale.edu,FGOwuBtibYH,319-949-1355,11793 Havey Avenue
978,Howat,2414458925,rhowatr5@wikispaces.com,NeKtZ0,623-317-9461,8831 Novick Circle
979,Bandiera,4796639721,kbandierar6@twitpic.com,srqUQN,859-740-2189,62172 Rigney Trail
980,Kitman,0468842349,ekitmanr7@nifty.com,RIr00et3rq7,545-968-7148,70587 Mallard Pass
981,Vobes,8809676521,mvobesr8@moonfruit.com,vjwONz7Oj4h,337-219-6485,5 Paget Crossing
982,Ruddock,8787556340,pruddockr9@theguardian.com,LYl1TGV7,683-206-7056,05786 Sugar Circle
983,Cuseick,1500678821,fcuseickra@ucla.edu,4bMXZoZ,879-751-8942,3 Ludington Avenue
984,Corssen,6860673958,ecorssenrb@mtv.com,xZdRnmH,431-776-8082,981 Sloan Street
985,Creegan,2063546118,jcreeganrc@tinyurl.com,ZFOUP2f,901-449-4281,9 Pankratz Hill
986,Skeemor,8090576249,lskeemorrd@blog.com,MMqQ7dT,624-265-5964,719 Glendale Crossing
987,Russilll,7209836454,mrussilllre@jimdo.com,8fRgux,910-477-4996,816 Granby Terrace
988,Yesenin,7715700258,dyeseninrf@amazonaws.com,PasUWWSF,479-953-2590,828 Atwood Alley
989,Jaimez,7747031157,ejaimezrg@sina.com.cn,JlEjSzvSJ,380-781-2916,59480 Prairie Rose Place
990,Dyshart,2446908470,kdyshartrh@state.tx.us,8JJ6MYy94,542-732-5355,6 Eagle Crest Pass
991,Bodker,5667246449,cbodkerri@un.org,Yqc3YyWB,443-792-5943,18 Northport Plaza
992,Ausher,7908022219,pausherrj@123-reg.co.uk,aAsqUWvZ,408-492-7230,665 Cambridge Park
993,MacConnell,9487452842,umacconnellrk@addtoany.com,f1SHwcOjidP,301-431-6627,5670 Glacier Hill Point
994,Matous,1593739567,ematousrl@reddit.com,wPdySHY2,828-704-4098,8 Dorton Center
995,Dawid,5704571344,tdawidrm@joomla.org,4wBMkY3exHxH,219-162-4185,85 Melvin Plaza
996,Foster-Smith,7166216409,rfostersmithrn@msn.com,7wN9F9,325-291-3612,207 Grover Drive
997,Sommerville,8252269648,ssommervillero@icio.us,HPJqEllb2,756-592-0680,9 Claremont Hill
998,Passman,3625518694,kpassmanrp@networksolutions.com,GedXmQ,543-464-2467,8 Maple Point
999,Galloway,2495764363,hgallowayrq@digg.com,yl9YkwbT,734-506-8964,61 Sutherland Drive
1000,Smeal,5031533900,rsmealrr@cornell.edu,cHLRyrkYFV9R,964-769-3150,33 Vernon Drive
